devId,devName,kindName,roomId,openStart,openEnd,source_file
100455361,2F-A001,二层A区,100455344,07:30,20:00,100455344.txt
100455362,2F-A002,二层A区,100455344,07:30,20:00,100455344.txt
100455363,2F-A003,二层A区,100455344,07:30,20:00,100455344.txt
100455364,2F-A004,二层A区,100455344,07:30,20:00,100455344.txt
100455365,2F-A005,二层A区,100455344,07:30,20:00,100455344.txt
100455366,2F-A006,二层A区,100455344,07:30,20:00,100455344.txt
100455367,2F-A007,二层A区,100455344,07:30,20:00,100455344.txt
100455368,2F-A008,二层A区,100455344,07:30,20:00,100455344.txt
100455369,2F-A009,二层A区,100455344,07:30,20:00,100455344.txt
100455370,2F-A010,二层A区,100455344,07:30,20:00,100455344.txt
100455371,2F-A011,二层A区,100455344,07:30,20:00,100455344.txt
100455372,2F-A012,二层A区,100455344,07:30,20:00,100455344.txt
100455373,2F-A013,二层A区,100455344,07:30,20:00,100455344.txt
100455374,2F-A014,二层A区,100455344,07:30,20:00,100455344.txt
100455375,2F-A015,二层A区,100455344,07:30,20:00,100455344.txt
100455376,2F-A016,二层A区,100455344,07:30,20:00,100455344.txt
100455377,2F-A017,二层A区,100455344,07:30,20:00,100455344.txt
100455378,2F-A018,二层A区,100455344,07:30,20:00,100455344.txt
100455379,2F-A019,二层A区,100455344,07:30,20:00,100455344.txt
100455380,2F-A020,二层A区,100455344,07:30,20:00,100455344.txt
100455381,2F-A021,二层A区,100455344,07:30,20:00,100455344.txt
100455382,2F-A022,二层A区,100455344,07:30,20:00,100455344.txt
100455383,2F-A023,二层A区,100455344,07:30,20:00,100455344.txt
100455384,2F-A024,二层A区,100455344,07:30,20:00,100455344.txt
100455385,2F-A025,二层A区,100455344,07:30,20:00,100455344.txt
100455386,2F-A026,二层A区,100455344,07:30,20:00,100455344.txt
100455387,2F-A027,二层A区,100455344,07:30,20:00,100455344.txt
100455388,2F-A028,二层A区,100455344,07:30,20:00,100455344.txt
100455389,2F-A029,二层A区,100455344,07:30,20:00,100455344.txt
100455390,2F-A030,二层A区,100455344,07:30,20:00,100455344.txt
100455391,2F-A031,二层A区,100455344,07:30,20:00,100455344.txt
100455392,2F-A032,二层A区,100455344,07:30,20:00,100455344.txt
100455393,2F-A033,二层A区,100455344,07:30,20:00,100455344.txt
100455394,2F-A034,二层A区,100455344,07:30,20:00,100455344.txt
100455395,2F-A035,二层A区,100455344,07:30,20:00,100455344.txt
100455396,2F-A036,二层A区,100455344,07:30,20:00,100455344.txt
100455397,2F-A037,二层A区,100455344,07:30,20:00,100455344.txt
100455398,2F-A038,二层A区,100455344,07:30,20:00,100455344.txt
100455399,2F-A039,二层A区,100455344,07:30,20:00,100455344.txt
100455400,2F-A040,二层A区,100455344,07:30,20:00,100455344.txt
100455401,2F-A041,二层A区,100455344,07:30,20:00,100455344.txt
100455402,2F-A042,二层A区,100455344,07:30,20:00,100455344.txt
100455403,2F-A043,二层A区,100455344,07:30,20:00,100455344.txt
100455404,2F-A044,二层A区,100455344,07:30,20:00,100455344.txt
100455405,2F-A045,二层A区,100455344,07:30,20:00,100455344.txt
100455406,2F-A046,二层A区,100455344,07:30,20:00,100455344.txt
100455407,2F-A047,二层A区,100455344,07:30,20:00,100455344.txt
100455408,2F-A048,二层A区,100455344,07:30,20:00,100455344.txt
100455409,2F-A049,二层A区,100455344,07:30,20:00,100455344.txt
100455410,2F-A050,二层A区,100455344,07:30,20:00,100455344.txt
100455411,2F-A051,二层A区,100455344,07:30,20:00,100455344.txt
100455412,2F-A052,二层A区,100455344,07:30,20:00,100455344.txt
100455413,2F-A053,二层A区,100455344,07:30,20:00,100455344.txt
100455414,2F-A054,二层A区,100455344,07:30,20:00,100455344.txt
100455415,2F-A055,二层A区,100455344,07:30,20:00,100455344.txt
100455416,2F-A056,二层A区,100455344,07:30,20:00,100455344.txt
100455417,2F-A057,二层A区,100455344,07:30,20:00,100455344.txt
100455418,2F-A058,二层A区,100455344,07:30,20:00,100455344.txt
100455419,2F-A059,二层A区,100455344,07:30,20:00,100455344.txt
100455420,2F-A060,二层A区,100455344,07:30,20:00,100455344.txt
100455421,2F-A061,二层A区,100455344,07:30,20:00,100455344.txt
100455422,2F-A062,二层A区,100455344,07:30,20:00,100455344.txt
100455423,2F-A063,二层A区,100455344,07:30,20:00,100455344.txt
100455424,2F-A064,二层A区,100455344,07:30,20:00,100455344.txt
100455425,2F-A065,二层A区,100455344,07:30,20:00,100455344.txt
100455426,2F-A066,二层A区,100455344,07:30,20:00,100455344.txt
100455427,2F-A067,二层A区,100455344,07:30,20:00,100455344.txt
100455428,2F-A068,二层A区,100455344,07:30,20:00,100455344.txt
100455429,2F-A069,二层A区,100455344,07:30,20:00,100455344.txt
100455430,2F-A070,二层A区,100455344,07:30,20:00,100455344.txt
100455431,2F-A071,二层A区,100455344,07:30,20:00,100455344.txt
100455432,2F-A072,二层A区,100455344,07:30,20:00,100455344.txt
100455433,2F-A073,二层A区,100455344,07:30,20:00,100455344.txt
100455434,2F-A074,二层A区,100455344,07:30,20:00,100455344.txt
100455435,2F-A075,二层A区,100455344,07:30,20:00,100455344.txt
100455436,2F-A076,二层A区,100455344,07:30,20:00,100455344.txt
100455437,2F-A077,二层A区,100455344,07:30,20:00,100455344.txt
100455438,2F-A078,二层A区,100455344,07:30,20:00,100455344.txt
100455439,2F-A079,二层A区,100455344,07:30,20:00,100455344.txt
100455440,2F-A080,二层A区,100455344,07:30,20:00,100455344.txt
100455441,2F-A081,二层A区,100455344,07:30,20:00,100455344.txt
100455442,2F-A082,二层A区,100455344,07:30,20:00,100455344.txt
100455443,2F-A083,二层A区,100455344,07:30,20:00,100455344.txt
100455444,2F-A084,二层A区,100455344,07:30,20:00,100455344.txt
100455445,2F-A085,二层A区,100455344,07:30,20:00,100455344.txt
100455446,2F-A086,二层A区,100455344,07:30,20:00,100455344.txt
100455447,2F-A087,二层A区,100455344,07:30,20:00,100455344.txt
100455448,2F-A088,二层A区,100455344,07:30,20:00,100455344.txt
100455449,2F-A089,二层A区,100455344,07:30,20:00,100455344.txt
100455450,2F-A090,二层A区,100455344,07:30,20:00,100455344.txt
100455451,2F-A091,二层A区,100455344,07:30,20:00,100455344.txt
100455452,2F-A092,二层A区,100455344,07:30,20:00,100455344.txt
100455453,2F-A093,二层A区,100455344,07:30,20:00,100455344.txt
100455454,2F-A094,二层A区,100455344,07:30,20:00,100455344.txt
100455455,2F-A095,二层A区,100455344,07:30,20:00,100455344.txt
100455456,2F-A096,二层A区,100455344,07:30,20:00,100455344.txt
100455457,2F-A097,二层A区,100455344,07:30,20:00,100455344.txt
100455458,2F-A098,二层A区,100455344,07:30,20:00,100455344.txt
100455459,2F-A099,二层A区,100455344,07:30,20:00,100455344.txt
100455460,2F-A100,二层A区,100455344,07:30,20:00,100455344.txt
100455461,2F-A101,二层A区,100455344,07:30,20:00,100455344.txt
100455462,2F-A102,二层A区,100455344,07:30,20:00,100455344.txt
100455463,2F-A103,二层A区,100455344,07:30,20:00,100455344.txt
100455464,2F-A104,二层A区,100455344,07:30,20:00,100455344.txt
100455465,2F-A105,二层A区,100455344,07:30,20:00,100455344.txt
100455466,2F-A106,二层A区,100455344,07:30,20:00,100455344.txt
100455467,2F-A107,二层A区,100455344,07:30,20:00,100455344.txt
100455468,2F-A108,二层A区,100455344,07:30,20:00,100455344.txt
100455469,2F-A109,二层A区,100455344,07:30,20:00,100455344.txt
100455470,2F-A110,二层A区,100455344,07:30,20:00,100455344.txt
100455471,2F-A111,二层A区,100455344,07:30,20:00,100455344.txt
100455472,2F-A112,二层A区,100455344,07:30,20:00,100455344.txt
100455473,2F-A113,二层A区,100455344,07:30,20:00,100455344.txt
100455474,2F-A114,二层A区,100455344,07:30,20:00,100455344.txt
100455475,2F-A115,二层A区,100455344,07:30,20:00,100455344.txt
100455476,2F-A116,二层A区,100455344,07:30,20:00,100455344.txt
100455477,2F-A117,二层A区,100455344,07:30,20:00,100455344.txt
100455478,2F-A118,二层A区,100455344,07:30,20:00,100455344.txt
100455479,2F-A119,二层A区,100455344,07:30,20:00,100455344.txt
100455480,2F-A120,二层A区,100455344,07:30,20:00,100455344.txt
100455481,2F-A121,二层A区,100455344,07:30,20:00,100455344.txt
100455482,2F-A122,二层A区,100455344,07:30,20:00,100455344.txt
100455483,2F-A123,二层A区,100455344,07:30,20:00,100455344.txt
100455484,2F-A124,二层A区,100455344,07:30,20:00,100455344.txt
100455485,2F-A125,二层A区,100455344,07:30,20:00,100455344.txt
100455486,2F-A126,二层A区,100455344,07:30,20:00,100455344.txt
100455487,2F-A127,二层A区,100455344,07:30,20:00,100455344.txt
100455488,2F-A128,二层A区,100455344,07:30,20:00,100455344.txt
100455489,2F-A129,二层A区,100455344,07:30,20:00,100455344.txt
100455490,2F-A130,二层A区,100455344,07:30,20:00,100455344.txt
100455491,2F-A131,二层A区,100455344,07:30,20:00,100455344.txt
100455492,2F-A132,二层A区,100455344,07:30,20:00,100455344.txt
100455493,2F-A133,二层A区,100455344,07:30,20:00,100455344.txt
100455494,2F-A134,二层A区,100455344,07:30,20:00,100455344.txt
100455495,2F-A135,二层A区,100455344,07:30,20:00,100455344.txt
100455496,2F-A136,二层A区,100455344,07:30,20:00,100455344.txt
100455497,2F-A137,二层A区,100455344,07:30,20:00,100455344.txt
100455498,2F-A138,二层A区,100455344,07:30,20:00,100455344.txt
100455499,2F-A139,二层A区,100455344,07:30,20:00,100455344.txt
100455500,2F-A140,二层A区,100455344,07:30,20:00,100455344.txt
100455501,2F-A141,二层A区,100455344,07:30,20:00,100455344.txt
100455502,2F-A142,二层A区,100455344,07:30,20:00,100455344.txt
100455503,2F-A143,二层A区,100455344,07:30,20:00,100455344.txt
100455504,2F-A144,二层A区,100455344,07:30,20:00,100455344.txt
100455505,2F-A145,二层A区,100455344,07:30,20:00,100455344.txt
100455506,2F-A146,二层A区,100455344,07:30,20:00,100455344.txt
100455507,2F-A147,二层A区,100455344,07:30,20:00,100455344.txt
100455508,2F-A148,二层A区,100455344,07:30,20:00,100455344.txt
100455509,2F-A149,二层A区,100455344,07:30,20:00,100455344.txt
100455510,2F-A150,二层A区,100455344,07:30,20:00,100455344.txt
100455511,2F-A151,二层A区,100455344,07:30,20:00,100455344.txt
100455512,2F-A152,二层A区,100455344,07:30,20:00,100455344.txt
100455513,2F-A153,二层A区,100455344,07:30,20:00,100455344.txt
100455514,2F-A154,二层A区,100455344,07:30,20:00,100455344.txt
100455515,2F-A155,二层A区,100455344,07:30,20:00,100455344.txt
100455516,2F-A156,二层A区,100455344,07:30,20:00,100455344.txt
100455517,2F-A157,二层A区,100455344,07:30,20:00,100455344.txt
100455518,2F-A158,二层A区,100455344,07:30,20:00,100455344.txt
100455519,2F-A159,二层A区,100455344,07:30,20:00,100455344.txt
100455520,2F-A160,二层A区,100455344,07:30,20:00,100455344.txt
100455521,2F-A161,二层A区,100455344,07:30,20:00,100455344.txt
100455522,2F-A162,二层A区,100455344,07:30,20:00,100455344.txt
100455523,2F-A163,二层A区,100455344,07:30,20:00,100455344.txt
100455524,2F-A164,二层A区,100455344,07:30,20:00,100455344.txt
100455525,2F-A165,二层A区,100455344,07:30,20:00,100455344.txt
100455526,2F-A166,二层A区,100455344,07:30,20:00,100455344.txt
100455527,2F-A167,二层A区,100455344,07:30,20:00,100455344.txt
100455528,2F-A168,二层A区,100455344,07:30,20:00,100455344.txt
100455529,2F-A169,二层A区,100455344,07:30,20:00,100455344.txt
100455530,2F-A170,二层A区,100455344,07:30,20:00,100455344.txt
100455531,2F-A171,二层A区,100455344,07:30,20:00,100455344.txt
100455532,2F-A172,二层A区,100455344,07:30,20:00,100455344.txt
100455533,2F-A173,二层A区,100455344,07:30,20:00,100455344.txt
100455534,2F-A174,二层A区,100455344,07:30,20:00,100455344.txt
100455535,2F-A175,二层A区,100455344,07:30,20:00,100455344.txt
100455536,2F-A176,二层A区,100455344,07:30,20:00,100455344.txt
100455537,2F-A177,二层A区,100455344,07:30,20:00,100455344.txt
100455538,2F-A178,二层A区,100455344,07:30,20:00,100455344.txt
100455539,2F-A179,二层A区,100455344,07:30,20:00,100455344.txt
100455540,2F-A180,二层A区,100455344,07:30,20:00,100455344.txt
100455541,2F-A181,二层A区,100455344,07:30,20:00,100455344.txt
100455542,2F-A182,二层A区,100455344,07:30,20:00,100455344.txt
100455543,2F-A183,二层A区,100455344,07:30,20:00,100455344.txt
100455544,2F-A184,二层A区,100455344,07:30,20:00,100455344.txt
100455545,2F-A185,二层A区,100455344,07:30,20:00,100455344.txt
100455546,2F-A186,二层A区,100455344,07:30,20:00,100455344.txt
100455547,2F-A187,二层A区,100455344,07:30,20:00,100455344.txt
100455548,2F-A188,二层A区,100455344,07:30,20:00,100455344.txt
100455549,2F-A189,二层A区,100455344,07:30,20:00,100455344.txt
100455550,2F-A190,二层A区,100455344,07:30,20:00,100455344.txt
100455551,2F-A191,二层A区,100455344,07:30,20:00,100455344.txt
100455552,2F-A192,二层A区,100455344,07:30,20:00,100455344.txt
100455553,2F-A193,二层A区,100455344,07:30,20:00,100455344.txt
100455554,2F-A194,二层A区,100455344,07:30,20:00,100455344.txt
100455555,2F-A195,二层A区,100455344,07:30,20:00,100455344.txt
100455556,2F-A196,二层A区,100455344,07:30,20:00,100455344.txt
100455557,2F-A197,二层A区,100455344,07:30,20:00,100455344.txt
100455558,2F-A198,二层A区,100455344,07:30,20:00,100455344.txt
100455559,2F-A199,二层A区,100455344,07:30,20:00,100455344.txt
100455560,2F-A200,二层A区,100455344,07:30,20:00,100455344.txt
100455561,2F-A201,二层A区,100455344,07:30,20:00,100455344.txt
100455562,2F-A202,二层A区,100455344,07:30,20:00,100455344.txt
100455563,2F-A203,二层A区,100455344,07:30,20:00,100455344.txt
100455564,2F-A204,二层A区,100455344,07:30,20:00,100455344.txt
100455565,2F-A205,二层A区,100455344,07:30,20:00,100455344.txt
100455566,2F-A206,二层A区,100455344,07:30,20:00,100455344.txt
100455567,2F-A207,二层A区,100455344,07:30,20:00,100455344.txt
100455568,2F-A208,二层A区,100455344,07:30,20:00,100455344.txt
100455569,2F-A209,二层A区,100455344,07:30,20:00,100455344.txt
100455570,2F-A210,二层A区,100455344,07:30,20:00,100455344.txt
100455571,2F-A211,二层A区,100455344,07:30,20:00,100455344.txt
100455572,2F-A212,二层A区,100455344,07:30,20:00,100455344.txt
100455573,2F-A213,二层A区,100455344,07:30,20:00,100455344.txt
100455574,2F-A214,二层A区,100455344,07:30,20:00,100455344.txt
100455575,2F-A215,二层A区,100455344,07:30,20:00,100455344.txt
100455576,2F-A216,二层A区,100455344,07:30,20:00,100455344.txt
100455577,2F-A217,二层A区,100455344,07:30,20:00,100455344.txt
100455578,2F-A218,二层A区,100455344,07:30,20:00,100455344.txt
100455579,2F-A219,二层A区,100455344,07:30,20:00,100455344.txt
100455580,2F-A220,二层A区,100455344,07:30,20:00,100455344.txt
100455581,2F-A221,二层A区,100455344,07:30,20:00,100455344.txt
100455582,2F-A222,二层A区,100455344,07:30,20:00,100455344.txt
100455583,2F-A223,二层A区,100455344,07:30,20:00,100455344.txt
100455584,2F-A224,二层A区,100455344,07:30,20:00,100455344.txt
100455585,2F-A225,二层A区,100455344,07:30,20:00,100455344.txt
100455586,2F-A226,二层A区,100455344,07:30,20:00,100455344.txt
100455587,2F-A227,二层A区,100455344,07:30,20:00,100455344.txt
100455588,2F-A228,二层A区,100455344,07:30,20:00,100455344.txt
100455589,2F-A229,二层A区,100455344,07:30,20:00,100455344.txt
100455590,2F-A230,二层A区,100455344,07:30,20:00,100455344.txt
100455591,2F-A231,二层A区,100455344,07:30,20:00,100455344.txt
100455592,2F-A232,二层A区,100455344,07:30,20:00,100455344.txt
100455593,2F-A233,二层A区,100455344,07:30,20:00,100455344.txt
100455594,2F-A234,二层A区,100455344,07:30,20:00,100455344.txt
100455595,2F-A235,二层A区,100455344,07:30,20:00,100455344.txt
100455596,2F-A236,二层A区,100455344,07:30,20:00,100455344.txt
100455597,2F-A237,二层A区,100455344,07:30,20:00,100455344.txt
100455598,2F-A238,二层A区,100455344,07:30,20:00,100455344.txt
100455599,2F-A239,二层A区,100455344,07:30,20:00,100455344.txt
100455600,2F-A240,二层A区,100455344,07:30,20:00,100455344.txt
100455601,2F-A241,二层A区,100455344,07:30,20:00,100455344.txt
100455602,2F-A242,二层A区,100455344,07:30,20:00,100455344.txt
100455603,2F-A243,二层A区,100455344,07:30,20:00,100455344.txt
100455604,2F-A244,二层A区,100455344,07:30,20:00,100455344.txt
100455605,2F-A245,二层A区,100455344,07:30,20:00,100455344.txt
100455606,2F-A246,二层A区,100455344,07:30,20:00,100455344.txt
100455607,2F-A247,二层A区,100455344,07:30,20:00,100455344.txt
100455608,2F-A248,二层A区,100455344,07:30,20:00,100455344.txt
100455609,2F-A249,二层A区,100455344,07:30,20:00,100455344.txt
100455610,2F-A250,二层A区,100455344,07:30,20:00,100455344.txt
100455611,2F-A251,二层A区,100455344,07:30,20:00,100455344.txt
100455612,2F-A252,二层A区,100455344,07:30,20:00,100455344.txt
100455613,2F-A253,二层A区,100455344,07:30,20:00,100455344.txt
100455614,2F-A254,二层A区,100455344,07:30,20:00,100455344.txt
100455615,2F-A255,二层A区,100455344,07:30,20:00,100455344.txt
100455616,2F-A256,二层A区,100455344,07:30,20:00,100455344.txt
100455617,2F-A257,二层A区,100455344,07:30,20:00,100455344.txt
100455618,2F-A258,二层A区,100455344,07:30,20:00,100455344.txt
100455619,2F-A259,二层A区,100455344,07:30,20:00,100455344.txt
100455620,2F-A260,二层A区,100455344,07:30,20:00,100455344.txt
100455621,2F-A261,二层A区,100455344,07:30,20:00,100455344.txt
100455622,2F-A262,二层A区,100455344,07:30,20:00,100455344.txt
100455623,2F-A263,二层A区,100455344,07:30,20:00,100455344.txt
100455624,2F-A264,二层A区,100455344,07:30,20:00,100455344.txt
100455625,2F-A265,二层A区,100455344,07:30,20:00,100455344.txt
100455626,2F-A266,二层A区,100455344,07:30,20:00,100455344.txt
100455627,2F-A267,二层A区,100455344,07:30,20:00,100455344.txt
100455628,2F-A268,二层A区,100455344,07:30,20:00,100455344.txt
100455629,2F-A269,二层A区,100455344,07:30,20:00,100455344.txt
100455630,2F-A270,二层A区,100455344,07:30,20:00,100455344.txt
100455631,2F-A271,二层A区,100455344,07:30,20:00,100455344.txt
100455632,2F-A272,二层A区,100455344,07:30,20:00,100455344.txt
100455633,2F-A273,二层A区,100455344,07:30,20:00,100455344.txt
100455634,2F-A274,二层A区,100455344,07:30,20:00,100455344.txt
100455635,2F-A275,二层A区,100455344,07:30,20:00,100455344.txt
100455636,2F-A276,二层A区,100455344,07:30,20:00,100455344.txt
100455637,2F-A277,二层A区,100455344,07:30,20:00,100455344.txt
100455638,2F-A278,二层A区,100455344,07:30,20:00,100455344.txt
100455639,2F-A279,二层A区,100455344,07:30,20:00,100455344.txt
100455640,2F-A280,二层A区,100455344,07:30,20:00,100455344.txt
100455641,2F-A281,二层A区,100455344,07:30,20:00,100455344.txt
100455642,2F-A282,二层A区,100455344,07:30,20:00,100455344.txt
100455643,2F-A283,二层A区,100455344,07:30,20:00,100455344.txt
100455644,2F-A284,二层A区,100455344,07:30,20:00,100455344.txt
100455645,2F-A285,二层A区,100455344,07:30,20:00,100455344.txt
100455646,2F-A286,二层A区,100455344,07:30,20:00,100455344.txt
100455647,2F-A287,二层A区,100455344,07:30,20:00,100455344.txt
100455648,2F-A288,二层A区,100455344,07:30,20:00,100455344.txt
100455649,2F-A289,二层A区,100455344,07:30,20:00,100455344.txt
100455650,2F-A290,二层A区,100455344,07:30,20:00,100455344.txt
100455651,2F-A291,二层A区,100455344,07:30,20:00,100455344.txt
100455652,2F-A292,二层A区,100455344,07:30,20:00,100455344.txt
100455653,2F-A293,二层A区,100455344,07:30,20:00,100455344.txt
100455654,2F-A294,二层A区,100455344,07:30,20:00,100455344.txt
100455655,2F-A295,二层A区,100455344,07:30,20:00,100455344.txt
100455656,2F-A296,二层A区,100455344,07:30,20:00,100455344.txt
100455657,2F-A297,二层A区,100455344,07:30,20:00,100455344.txt
100455658,2F-A298,二层A区,100455344,07:30,20:00,100455344.txt
100455659,2F-A299,二层A区,100455344,07:30,20:00,100455344.txt
100455660,2F-A300,二层A区,100455344,07:30,20:00,100455344.txt
100455661,2F-A301,二层A区,100455344,07:30,20:00,100455344.txt
100455662,2F-A302,二层A区,100455344,07:30,20:00,100455344.txt
100455663,2F-A303,二层A区,100455344,07:30,20:00,100455344.txt
100455664,2F-A304,二层A区,100455344,07:30,20:00,100455344.txt
100455665,2F-A305,二层A区,100455344,07:30,20:00,100455344.txt
100455666,2F-A306,二层A区,100455344,07:30,20:00,100455344.txt
100455667,2F-A307,二层A区,100455344,07:30,20:00,100455344.txt
100455668,2F-A308,二层A区,100455344,07:30,20:00,100455344.txt
100455669,2F-A309,二层A区,100455344,07:30,20:00,100455344.txt
100455670,2F-A310,二层A区,100455344,07:30,20:00,100455344.txt
100455671,2F-A311,二层A区,100455344,07:30,20:00,100455344.txt
100455672,2F-A312,二层A区,100455344,07:30,20:00,100455344.txt
100455673,2F-A313,二层A区,100455344,07:30,20:00,100455344.txt
100455674,2F-A314,二层A区,100455344,07:30,20:00,100455344.txt
100455675,2F-A315,二层A区,100455344,07:30,20:00,100455344.txt
100455676,2F-A316,二层A区,100455344,07:30,20:00,100455344.txt
100455677,2F-A317,二层A区,100455344,07:30,20:00,100455344.txt
100455678,2F-A318,二层A区,100455344,07:30,20:00,100455344.txt
100455679,2F-A319,二层A区,100455344,07:30,20:00,100455344.txt
100455680,2F-A320,二层A区,100455344,07:30,20:00,100455344.txt
100455681,2F-A321,二层A区,100455344,07:30,20:00,100455344.txt
100455682,2F-A322,二层A区,100455344,07:30,20:00,100455344.txt
100455683,2F-A323,二层A区,100455344,07:30,20:00,100455344.txt
100455684,2F-A324,二层A区,100455344,07:30,20:00,100455344.txt
100455685,2F-A325,二层A区,100455344,07:30,20:00,100455344.txt
100455686,2F-A326,二层A区,100455344,07:30,20:00,100455344.txt
100455687,2F-A327,二层A区,100455344,07:30,20:00,100455344.txt
100455688,2F-A328,二层A区,100455344,07:30,20:00,100455344.txt
100455689,2F-A329,二层A区,100455344,07:30,20:00,100455344.txt
100455690,2F-A330,二层A区,100455344,07:30,20:00,100455344.txt
100455691,2F-A331,二层A区,100455344,07:30,20:00,100455344.txt
100455692,2F-A332,二层A区,100455344,07:30,20:00,100455344.txt
100455693,2F-A333,二层A区,100455344,07:30,20:00,100455344.txt
100455694,2F-A334,二层A区,100455344,07:30,20:00,100455344.txt
100455695,2F-A335,二层A区,100455344,07:30,20:00,100455344.txt
100455696,2F-A336,二层A区,100455344,07:30,20:00,100455344.txt
100455697,2F-A337,二层A区,100455344,07:30,20:00,100455344.txt
100455698,2F-A338,二层A区,100455344,07:30,20:00,100455344.txt
100455699,2F-A339,二层A区,100455344,07:30,20:00,100455344.txt
100455700,2F-A340,二层A区,100455344,07:30,20:00,100455344.txt
100455701,2F-A341,二层A区,100455344,07:30,20:00,100455344.txt
100455702,2F-A342,二层A区,100455344,07:30,20:00,100455344.txt
100455703,2F-A343,二层A区,100455344,07:30,20:00,100455344.txt
100455704,2F-A344,二层A区,100455344,07:30,20:00,100455344.txt
100455705,2F-A345,二层A区,100455344,07:30,20:00,100455344.txt
100455706,2F-A346,二层A区,100455344,07:30,20:00,100455344.txt
100455707,2F-A347,二层A区,100455344,07:30,20:00,100455344.txt
100455708,2F-A348,二层A区,100455344,07:30,20:00,100455344.txt
100455709,2F-A349,二层A区,100455344,07:30,20:00,100455344.txt
100455710,2F-A350,二层A区,100455344,07:30,20:00,100455344.txt
100455711,2F-A351,二层A区,100455344,07:30,20:00,100455344.txt
100455712,2F-A352,二层A区,100455344,07:30,20:00,100455344.txt
100455713,2F-A353,二层A区,100455344,07:30,20:00,100455344.txt
100455714,2F-A354,二层A区,100455344,07:30,20:00,100455344.txt
100455715,2F-A355,二层A区,100455344,07:30,20:00,100455344.txt
100455716,2F-A356,二层A区,100455344,07:30,20:00,100455344.txt
100455717,2F-A357,二层A区,100455344,07:30,20:00,100455344.txt
100455718,2F-A358,二层A区,100455344,07:30,20:00,100455344.txt
100455719,2F-A359,二层A区,100455344,07:30,20:00,100455344.txt
100455720,2F-A360,二层A区,100455344,07:30,20:00,100455344.txt
100455721,2F-A361,二层A区,100455344,07:30,20:00,100455344.txt
100455722,2F-A362,二层A区,100455344,07:30,20:00,100455344.txt
100455723,2F-A363,二层A区,100455344,07:30,20:00,100455344.txt
100455724,2F-A364,二层A区,100455344,07:30,20:00,100455344.txt
100455725,2F-A365,二层A区,100455344,07:30,20:00,100455344.txt
100455726,2F-A366,二层A区,100455344,07:30,20:00,100455344.txt
100455727,2F-A367,二层A区,100455344,07:30,20:00,100455344.txt
100455728,2F-A368,二层A区,100455344,07:30,20:00,100455344.txt
100455729,2F-A369,二层A区,100455344,07:30,20:00,100455344.txt
100455730,2F-A370,二层A区,100455344,07:30,20:00,100455344.txt
100455731,2F-A371,二层A区,100455344,07:30,20:00,100455344.txt
100455732,2F-A372,二层A区,100455344,07:30,20:00,100455344.txt
100455733,2F-A373,二层A区,100455344,07:30,20:00,100455344.txt
100455734,2F-A374,二层A区,100455344,07:30,20:00,100455344.txt
100455735,2F-A375,二层A区,100455344,07:30,20:00,100455344.txt
100455736,2F-A376,二层A区,100455344,07:30,20:00,100455344.txt
100455737,2F-A377,二层A区,100455344,07:30,20:00,100455344.txt
100455738,2F-A378,二层A区,100455344,07:30,20:00,100455344.txt
100455739,2F-A379,二层A区,100455344,07:30,20:00,100455344.txt
100455740,2F-A380,二层A区,100455344,07:30,20:00,100455344.txt
100455741,2F-A381,二层A区,100455344,07:30,20:00,100455344.txt
100455742,2F-A382,二层A区,100455344,07:30,20:00,100455344.txt
100455743,2F-A383,二层A区,100455344,07:30,20:00,100455344.txt
100455744,2F-A384,二层A区,100455344,07:30,20:00,100455344.txt
100455745,2F-A385,二层A区,100455344,07:30,20:00,100455344.txt
100455746,2F-A386,二层A区,100455344,07:30,20:00,100455344.txt
100455747,2F-A387,二层A区,100455344,07:30,20:00,100455344.txt
100455748,2F-A388,二层A区,100455344,07:30,20:00,100455344.txt
100455749,2F-A389,二层A区,100455344,07:30,20:00,100455344.txt
100455750,2F-A390,二层A区,100455344,07:30,20:00,100455344.txt
100455751,2F-A391,二层A区,100455344,07:30,20:00,100455344.txt
100455752,2F-A392,二层A区,100455344,07:30,20:00,100455344.txt
100455753,2F-A393,二层A区,100455344,07:30,20:00,100455344.txt
100455754,2F-A394,二层A区,100455344,07:30,20:00,100455344.txt
100455755,2F-A395,二层A区,100455344,07:30,20:00,100455344.txt
100455756,2F-A396,二层A区,100455344,07:30,20:00,100455344.txt
100455757,2F-A397,二层A区,100455344,07:30,20:00,100455344.txt
100455758,2F-A398,二层A区,100455344,07:30,20:00,100455344.txt
100455759,2F-A399,二层A区,100455344,07:30,20:00,100455344.txt
100455760,2F-A400,二层A区,100455344,07:30,20:00,100455344.txt
100455761,2F-A401,二层A区,100455344,07:30,20:00,100455344.txt
100455762,2F-A402,二层A区,100455344,07:30,20:00,100455344.txt
100455763,2F-A403,二层A区,100455344,07:30,20:00,100455344.txt
100455764,2F-A404,二层A区,100455344,07:30,20:00,100455344.txt
100455765,2F-A405,二层A区,100455344,07:30,20:00,100455344.txt
100455766,2F-A406,二层A区,100455344,07:30,20:00,100455344.txt
100455767,2F-A407,二层A区,100455344,07:30,20:00,100455344.txt
100455768,2F-A408,二层A区,100455344,07:30,20:00,100455344.txt
100455769,2F-A409,二层A区,100455344,07:30,20:00,100455344.txt
100455770,2F-A410,二层A区,100455344,07:30,20:00,100455344.txt
100455771,2F-A411,二层A区,100455344,07:30,20:00,100455344.txt
100455772,2F-A412,二层A区,100455344,07:30,20:00,100455344.txt
100455773,2F-A413,二层A区,100455344,07:30,20:00,100455344.txt
100455774,2F-A414,二层A区,100455344,07:30,20:00,100455344.txt
100455775,2F-A415,二层A区,100455344,07:30,20:00,100455344.txt
100455776,2F-A416,二层A区,100455344,07:30,20:00,100455344.txt
100455777,2F-A417,二层A区,100455344,07:30,20:00,100455344.txt
100455778,2F-A418,二层A区,100455344,07:30,20:00,100455344.txt
100455779,2F-A419,二层A区,100455344,07:30,20:00,100455344.txt
100455780,2F-A420,二层A区,100455344,07:30,20:00,100455344.txt
100455781,2F-A421,二层A区,100455344,07:30,20:00,100455344.txt
100455782,2F-A422,二层A区,100455344,07:30,20:00,100455344.txt
100455783,2F-A423,二层A区,100455344,07:30,20:00,100455344.txt
100455784,2F-A424,二层A区,100455344,07:30,20:00,100455344.txt
100455785,2F-A425,二层A区,100455344,07:30,20:00,100455344.txt
100455786,2F-A426,二层A区,100455344,07:30,20:00,100455344.txt
100455787,2F-A427,二层A区,100455344,07:30,20:00,100455344.txt
100455788,2F-A428,二层A区,100455344,07:30,20:00,100455344.txt
100455789,2F-A429,二层A区,100455344,07:30,20:00,100455344.txt
100455790,2F-A430,二层A区,100455344,07:30,20:00,100455344.txt
100455791,2F-A431,二层A区,100455344,07:30,20:00,100455344.txt
100455792,2F-A432,二层A区,100455344,07:30,20:00,100455344.txt
100455793,2F-A433,二层A区,100455344,07:30,20:00,100455344.txt
100455794,2F-A434,二层A区,100455344,07:30,20:00,100455344.txt
100455795,2F-A435,二层A区,100455344,07:30,20:00,100455344.txt
100455796,2F-A436,二层A区,100455344,07:30,20:00,100455344.txt
100455797,2F-A437,二层A区,100455344,07:30,20:00,100455344.txt
100455798,2F-A438,二层A区,100455344,07:30,20:00,100455344.txt
100455799,2F-A439,二层A区,100455344,07:30,20:00,100455344.txt
100455800,2F-A440,二层A区,100455344,07:30,20:00,100455344.txt
100455801,2F-A441,二层A区,100455344,07:30,20:00,100455344.txt
100455862,2F-B061,二层B区,100455346,07:30,22:00,100455346.txt
100455873,2F-B072,二层B区,100455346,07:30,22:00,100455346.txt
100455872,2F-B071,二层B区,100455346,07:30,22:00,100455346.txt
100455871,2F-B070,二层B区,100455346,07:30,22:00,100455346.txt
100455870,2F-B069,二层B区,100455346,07:30,22:00,100455346.txt
100455869,2F-B068,二层B区,100455346,07:30,22:00,100455346.txt
100455868,2F-B067,二层B区,100455346,07:30,22:00,100455346.txt
100455867,2F-B066,二层B区,100455346,07:30,22:00,100455346.txt
100455866,2F-B065,二层B区,100455346,07:30,22:00,100455346.txt
100455865,2F-B064,二层B区,100455346,07:30,22:00,100455346.txt
100455864,2F-B063,二层B区,100455346,07:30,22:00,100455346.txt
100455863,2F-B062,二层B区,100455346,07:30,22:00,100455346.txt
100455874,2F-B073,二层B区,100455346,07:30,22:00,100455346.txt
100455861,2F-B060,二层B区,100455346,07:30,22:00,100455346.txt
100455860,2F-B059,二层B区,100455346,07:30,22:00,100455346.txt
100455859,2F-B058,二层B区,100455346,07:30,22:00,100455346.txt
100455858,2F-B057,二层B区,100455346,07:30,22:00,100455346.txt
100455857,2F-B056,二层B区,100455346,07:30,22:00,100455346.txt
100455856,2F-B055,二层B区,100455346,07:30,22:00,100455346.txt
100455855,2F-B054,二层B区,100455346,07:30,22:00,100455346.txt
100455854,2F-B053,二层B区,100455346,07:30,22:00,100455346.txt
100455853,2F-B052,二层B区,100455346,07:30,22:00,100455346.txt
100455852,2F-B051,二层B区,100455346,07:30,22:00,100455346.txt
100455851,2F-B050,二层B区,100455346,07:30,22:00,100455346.txt
100455886,2F-B085,二层B区,100455346,07:30,22:00,100455346.txt
100455897,2F-B096,二层B区,100455346,07:30,22:00,100455346.txt
100455896,2F-B095,二层B区,100455346,07:30,22:00,100455346.txt
100455895,2F-B094,二层B区,100455346,07:30,22:00,100455346.txt
100455894,2F-B093,二层B区,100455346,07:30,22:00,100455346.txt
100455893,2F-B092,二层B区,100455346,07:30,22:00,100455346.txt
100455892,2F-B091,二层B区,100455346,07:30,22:00,100455346.txt
100455891,2F-B090,二层B区,100455346,07:30,22:00,100455346.txt
100455890,2F-B089,二层B区,100455346,07:30,22:00,100455346.txt
100455889,2F-B088,二层B区,100455346,07:30,22:00,100455346.txt
100455888,2F-B087,二层B区,100455346,07:30,22:00,100455346.txt
100455887,2F-B086,二层B区,100455346,07:30,22:00,100455346.txt
100455850,2F-B049,二层B区,100455346,07:30,22:00,100455346.txt
100455885,2F-B084,二层B区,100455346,07:30,22:00,100455346.txt
100455884,2F-B083,二层B区,100455346,07:30,22:00,100455346.txt
100455883,2F-B082,二层B区,100455346,07:30,22:00,100455346.txt
100455882,2F-B081,二层B区,100455346,07:30,22:00,100455346.txt
100455881,2F-B080,二层B区,100455346,07:30,22:00,100455346.txt
100455880,2F-B079,二层B区,100455346,07:30,22:00,100455346.txt
100455879,2F-B078,二层B区,100455346,07:30,22:00,100455346.txt
100455878,2F-B077,二层B区,100455346,07:30,22:00,100455346.txt
100455877,2F-B076,二层B区,100455346,07:30,22:00,100455346.txt
100455876,2F-B075,二层B区,100455346,07:30,22:00,100455346.txt
100455875,2F-B074,二层B区,100455346,07:30,22:00,100455346.txt
100455814,2F-B013,二层B区,100455346,07:30,22:00,100455346.txt
100455825,2F-B024,二层B区,100455346,07:30,22:00,100455346.txt
100455824,2F-B023,二层B区,100455346,07:30,22:00,100455346.txt
100455823,2F-B022,二层B区,100455346,07:30,22:00,100455346.txt
100455822,2F-B021,二层B区,100455346,07:30,22:00,100455346.txt
100455821,2F-B020,二层B区,100455346,07:30,22:00,100455346.txt
100455820,2F-B019,二层B区,100455346,07:30,22:00,100455346.txt
100455819,2F-B018,二层B区,100455346,07:30,22:00,100455346.txt
100455818,2F-B017,二层B区,100455346,07:30,22:00,100455346.txt
100455817,2F-B016,二层B区,100455346,07:30,22:00,100455346.txt
100455816,2F-B015,二层B区,100455346,07:30,22:00,100455346.txt
100455815,2F-B014,二层B区,100455346,07:30,22:00,100455346.txt
100455826,2F-B025,二层B区,100455346,07:30,22:00,100455346.txt
100455813,2F-B012,二层B区,100455346,07:30,22:00,100455346.txt
100455812,2F-B011,二层B区,100455346,07:30,22:00,100455346.txt
100455811,2F-B010,二层B区,100455346,07:30,22:00,100455346.txt
100455810,2F-B009,二层B区,100455346,07:30,22:00,100455346.txt
100455809,2F-B008,二层B区,100455346,07:30,22:00,100455346.txt
100455808,2F-B007,二层B区,100455346,07:30,22:00,100455346.txt
100455807,2F-B006,二层B区,100455346,07:30,22:00,100455346.txt
100455806,2F-B005,二层B区,100455346,07:30,22:00,100455346.txt
100455805,2F-B004,二层B区,100455346,07:30,22:00,100455346.txt
100455804,2F-B003,二层B区,100455346,07:30,22:00,100455346.txt
100455803,2F-B002,二层B区,100455346,07:30,22:00,100455346.txt
100455838,2F-B037,二层B区,100455346,07:30,22:00,100455346.txt
100455849,2F-B048,二层B区,100455346,07:30,22:00,100455346.txt
100455848,2F-B047,二层B区,100455346,07:30,22:00,100455346.txt
100455847,2F-B046,二层B区,100455346,07:30,22:00,100455346.txt
100455846,2F-B045,二层B区,100455346,07:30,22:00,100455346.txt
100455845,2F-B044,二层B区,100455346,07:30,22:00,100455346.txt
100455844,2F-B043,二层B区,100455346,07:30,22:00,100455346.txt
100455843,2F-B042,二层B区,100455346,07:30,22:00,100455346.txt
100455842,2F-B041,二层B区,100455346,07:30,22:00,100455346.txt
100455841,2F-B040,二层B区,100455346,07:30,22:00,100455346.txt
100455840,2F-B039,二层B区,100455346,07:30,22:00,100455346.txt
100455839,2F-B038,二层B区,100455346,07:30,22:00,100455346.txt
100455802,2F-B001,二层B区,100455346,07:30,22:00,100455346.txt
100455837,2F-B036,二层B区,100455346,07:30,22:00,100455346.txt
100455836,2F-B035,二层B区,100455346,07:30,22:00,100455346.txt
100455835,2F-B034,二层B区,100455346,07:30,22:00,100455346.txt
100455834,2F-B033,二层B区,100455346,07:30,22:00,100455346.txt
100455833,2F-B032,二层B区,100455346,07:30,22:00,100455346.txt
100455832,2F-B031,二层B区,100455346,07:30,22:00,100455346.txt
100455831,2F-B030,二层B区,100455346,07:30,22:00,100455346.txt
100455830,2F-B029,二层B区,100455346,07:30,22:00,100455346.txt
100455829,2F-B028,二层B区,100455346,07:30,22:00,100455346.txt
100455828,2F-B027,二层B区,100455346,07:30,22:00,100455346.txt
100455827,2F-B026,二层B区,100455346,07:30,22:00,100455346.txt
100456256,3F-A001,三层A区,100455350,07:30,22:00,100455350.txt
100456257,3F-A002,三层A区,100455350,07:30,22:00,100455350.txt
100456258,3F-A003,三层A区,100455350,07:30,22:00,100455350.txt
100456259,3F-A004,三层A区,100455350,07:30,22:00,100455350.txt
100456260,3F-A005,三层A区,100455350,07:30,22:00,100455350.txt
100456261,3F-A006,三层A区,100455350,07:30,22:00,100455350.txt
100456262,3F-A007,三层A区,100455350,07:30,22:00,100455350.txt
100456263,3F-A008,三层A区,100455350,07:30,22:00,100455350.txt
100456264,3F-A009,三层A区,100455350,07:30,22:00,100455350.txt
100456265,3F-A010,三层A区,100455350,07:30,22:00,100455350.txt
100456266,3F-A011,三层A区,100455350,07:30,22:00,100455350.txt
100456267,3F-A012,三层A区,100455350,07:30,22:00,100455350.txt
100456268,3F-A013,三层A区,100455350,07:30,22:00,100455350.txt
100456269,3F-A014,三层A区,100455350,07:30,22:00,100455350.txt
100456270,3F-A015,三层A区,100455350,07:30,22:00,100455350.txt
100456271,3F-A016,三层A区,100455350,07:30,22:00,100455350.txt
100456272,3F-A017,三层A区,100455350,07:30,22:00,100455350.txt
100456273,3F-A018,三层A区,100455350,07:30,22:00,100455350.txt
100456274,3F-A019,三层A区,100455350,07:30,22:00,100455350.txt
100456275,3F-A020,三层A区,100455350,07:30,22:00,100455350.txt
100456276,3F-A021,三层A区,100455350,07:30,22:00,100455350.txt
100456277,3F-A022,三层A区,100455350,07:30,22:00,100455350.txt
100456278,3F-A023,三层A区,100455350,07:30,22:00,100455350.txt
100456279,3F-A024,三层A区,100455350,07:30,22:00,100455350.txt
100456280,3F-A025,三层A区,100455350,07:30,22:00,100455350.txt
100456281,3F-A026,三层A区,100455350,07:30,22:00,100455350.txt
100456282,3F-A027,三层A区,100455350,07:30,22:00,100455350.txt
100456283,3F-A028,三层A区,100455350,07:30,22:00,100455350.txt
100456284,3F-A029,三层A区,100455350,07:30,22:00,100455350.txt
100456285,3F-A030,三层A区,100455350,07:30,22:00,100455350.txt
100456286,3F-A031,三层A区,100455350,07:30,22:00,100455350.txt
100456287,3F-A032,三层A区,100455350,07:30,22:00,100455350.txt
100456288,3F-A033,三层A区,100455350,07:30,22:00,100455350.txt
100456289,3F-A034,三层A区,100455350,07:30,22:00,100455350.txt
100456290,3F-A035,三层A区,100455350,07:30,22:00,100455350.txt
100456291,3F-A036,三层A区,100455350,07:30,22:00,100455350.txt
100456292,3F-A037,三层A区,100455350,07:30,22:00,100455350.txt
100456293,3F-A038,三层A区,100455350,07:30,22:00,100455350.txt
100456294,3F-A039,三层A区,100455350,07:30,22:00,100455350.txt
100456295,3F-A040,三层A区,100455350,07:30,22:00,100455350.txt
100456296,3F-A041,三层A区,100455350,07:30,22:00,100455350.txt
100456297,3F-A042,三层A区,100455350,07:30,22:00,100455350.txt
100456298,3F-A043,三层A区,100455350,07:30,22:00,100455350.txt
100456299,3F-A044,三层A区,100455350,07:30,22:00,100455350.txt
100456300,3F-A045,三层A区,100455350,07:30,22:00,100455350.txt
100456301,3F-A046,三层A区,100455350,07:30,22:00,100455350.txt
100456302,3F-A047,三层A区,100455350,07:30,22:00,100455350.txt
100456303,3F-A048,三层A区,100455350,07:30,22:00,100455350.txt
100456304,3F-A049,三层A区,100455350,07:30,22:00,100455350.txt
100456305,3F-A050,三层A区,100455350,07:30,22:00,100455350.txt
100456306,3F-A051,三层A区,100455350,07:30,22:00,100455350.txt
100456307,3F-A052,三层A区,100455350,07:30,22:00,100455350.txt
100456308,3F-A053,三层A区,100455350,07:30,22:00,100455350.txt
100456309,3F-A054,三层A区,100455350,07:30,22:00,100455350.txt
100456310,3F-A055,三层A区,100455350,07:30,22:00,100455350.txt
100456311,3F-A056,三层A区,100455350,07:30,22:00,100455350.txt
100456312,3F-A057,三层A区,100455350,07:30,22:00,100455350.txt
100456313,3F-A058,三层A区,100455350,07:30,22:00,100455350.txt
100456314,3F-A059,三层A区,100455350,07:30,22:00,100455350.txt
100456315,3F-A060,三层A区,100455350,07:30,22:00,100455350.txt
100456316,3F-A061,三层A区,100455350,07:30,22:00,100455350.txt
100456317,3F-A062,三层A区,100455350,07:30,22:00,100455350.txt
100456318,3F-A063,三层A区,100455350,07:30,22:00,100455350.txt
100456319,3F-A064,三层A区,100455350,07:30,22:00,100455350.txt
100456320,3F-A065,三层A区,100455350,07:30,22:00,100455350.txt
100456321,3F-A066,三层A区,100455350,07:30,22:00,100455350.txt
100456322,3F-A067,三层A区,100455350,07:30,22:00,100455350.txt
100456323,3F-A068,三层A区,100455350,07:30,22:00,100455350.txt
100456324,3F-A069,三层A区,100455350,07:30,22:00,100455350.txt
100456325,3F-A070,三层A区,100455350,07:30,22:00,100455350.txt
100456326,3F-A071,三层A区,100455350,07:30,22:00,100455350.txt
100456327,3F-A072,三层A区,100455350,07:30,22:00,100455350.txt
100456328,3F-A073,三层A区,100455350,07:30,22:00,100455350.txt
100456329,3F-A074,三层A区,100455350,07:30,22:00,100455350.txt
100456330,3F-A075,三层A区,100455350,07:30,22:00,100455350.txt
100456331,3F-A076,三层A区,100455350,07:30,22:00,100455350.txt
100456332,3F-A077,三层A区,100455350,07:30,22:00,100455350.txt
100456333,3F-A078,三层A区,100455350,07:30,22:00,100455350.txt
100456334,3F-A079,三层A区,100455350,07:30,22:00,100455350.txt
100456335,3F-A080,三层A区,100455350,07:30,22:00,100455350.txt
100456336,3F-A081,三层A区,100455350,07:30,22:00,100455350.txt
100456337,3F-A082,三层A区,100455350,07:30,22:00,100455350.txt
100456338,3F-A083,三层A区,100455350,07:30,22:00,100455350.txt
100456339,3F-A084,三层A区,100455350,07:30,22:00,100455350.txt
100456340,3F-A085,三层A区,100455350,07:30,22:00,100455350.txt
100456341,3F-A086,三层A区,100455350,07:30,22:00,100455350.txt
100456342,3F-A087,三层A区,100455350,07:30,22:00,100455350.txt
100456343,3F-A088,三层A区,100455350,07:30,22:00,100455350.txt
100456344,3F-A089,三层A区,100455350,07:30,22:00,100455350.txt
100456345,3F-A090,三层A区,100455350,07:30,22:00,100455350.txt
100456346,3F-A091,三层A区,100455350,07:30,22:00,100455350.txt
100456347,3F-A092,三层A区,100455350,07:30,22:00,100455350.txt
100456348,3F-A093,三层A区,100455350,07:30,22:00,100455350.txt
100456349,3F-A094,三层A区,100455350,07:30,22:00,100455350.txt
100456350,3F-A095,三层A区,100455350,07:30,22:00,100455350.txt
100456351,3F-A096,三层A区,100455350,07:30,22:00,100455350.txt
100456352,3F-A097,三层A区,100455350,07:30,22:00,100455350.txt
100456353,3F-A098,三层A区,100455350,07:30,22:00,100455350.txt
100456354,3F-A099,三层A区,100455350,07:30,22:00,100455350.txt
100456355,3F-A100,三层A区,100455350,07:30,22:00,100455350.txt
100456356,3F-A101,三层A区,100455350,07:30,22:00,100455350.txt
100456357,3F-A102,三层A区,100455350,07:30,22:00,100455350.txt
100456358,3F-A103,三层A区,100455350,07:30,22:00,100455350.txt
100456359,3F-A104,三层A区,100455350,07:30,22:00,100455350.txt
100456360,3F-A105,三层A区,100455350,07:30,22:00,100455350.txt
100456361,3F-A106,三层A区,100455350,07:30,22:00,100455350.txt
100456362,3F-A107,三层A区,100455350,07:30,22:00,100455350.txt
100456363,3F-A108,三层A区,100455350,07:30,22:00,100455350.txt
100456364,3F-A109,三层A区,100455350,07:30,22:00,100455350.txt
100456365,3F-A110,三层A区,100455350,07:30,22:00,100455350.txt
100456366,3F-A111,三层A区,100455350,07:30,22:00,100455350.txt
100456367,3F-A112,三层A区,100455350,07:30,22:00,100455350.txt
100456368,3F-A113,三层A区,100455350,07:30,22:00,100455350.txt
100456369,3F-A114,三层A区,100455350,07:30,22:00,100455350.txt
100456370,3F-A115,三层A区,100455350,07:30,22:00,100455350.txt
100456371,3F-A116,三层A区,100455350,07:30,22:00,100455350.txt
100456372,3F-A117,三层A区,100455350,07:30,22:00,100455350.txt
100456373,3F-A118,三层A区,100455350,07:30,22:00,100455350.txt
100456374,3F-A119,三层A区,100455350,07:30,22:00,100455350.txt
100456375,3F-A120,三层A区,100455350,07:30,22:00,100455350.txt
100456376,3F-A121,三层A区,100455350,07:30,22:00,100455350.txt
100456377,3F-A122,三层A区,100455350,07:30,22:00,100455350.txt
100456378,3F-A123,三层A区,100455350,07:30,22:00,100455350.txt
100456379,3F-A124,三层A区,100455350,07:30,22:00,100455350.txt
100456380,3F-A125,三层A区,100455350,07:30,22:00,100455350.txt
100456381,3F-A126,三层A区,100455350,07:30,22:00,100455350.txt
100456382,3F-A127,三层A区,100455350,07:30,22:00,100455350.txt
100456383,3F-A128,三层A区,100455350,07:30,22:00,100455350.txt
100456384,3F-A129,三层A区,100455350,07:30,22:00,100455350.txt
100456385,3F-A130,三层A区,100455350,07:30,22:00,100455350.txt
100456386,3F-A131,三层A区,100455350,07:30,22:00,100455350.txt
100456387,3F-A132,三层A区,100455350,07:30,22:00,100455350.txt
100456388,3F-A133,三层A区,100455350,07:30,22:00,100455350.txt
100456389,3F-A134,三层A区,100455350,07:30,22:00,100455350.txt
100456390,3F-A135,三层A区,100455350,07:30,22:00,100455350.txt
100456391,3F-A136,三层A区,100455350,07:30,22:00,100455350.txt
100456392,3F-A137,三层A区,100455350,07:30,22:00,100455350.txt
100456393,3F-A138,三层A区,100455350,07:30,22:00,100455350.txt
100456394,3F-A139,三层A区,100455350,07:30,22:00,100455350.txt
100456395,3F-A140,三层A区,100455350,07:30,22:00,100455350.txt
100456396,3F-A141,三层A区,100455350,07:30,22:00,100455350.txt
100456397,3F-A142,三层A区,100455350,07:30,22:00,100455350.txt
100456398,3F-A143,三层A区,100455350,07:30,22:00,100455350.txt
100456399,3F-A144,三层A区,100455350,07:30,22:00,100455350.txt
100456400,3F-A145,三层A区,100455350,07:30,22:00,100455350.txt
100456401,3F-A146,三层A区,100455350,07:30,22:00,100455350.txt
100456402,3F-A147,三层A区,100455350,07:30,22:00,100455350.txt
100456403,3F-A148,三层A区,100455350,07:30,22:00,100455350.txt
100456404,3F-A149,三层A区,100455350,07:30,22:00,100455350.txt
100456405,3F-A150,三层A区,100455350,07:30,22:00,100455350.txt
100456406,3F-A151,三层A区,100455350,07:30,22:00,100455350.txt
100456407,3F-A152,三层A区,100455350,07:30,22:00,100455350.txt
100456408,3F-A153,三层A区,100455350,07:30,22:00,100455350.txt
100456409,3F-A154,三层A区,100455350,07:30,22:00,100455350.txt
100456410,3F-A155,三层A区,100455350,07:30,22:00,100455350.txt
100456411,3F-A156,三层A区,100455350,07:30,22:00,100455350.txt
100456412,3F-A157,三层A区,100455350,07:30,22:00,100455350.txt
100456413,3F-A158,三层A区,100455350,07:30,22:00,100455350.txt
100456414,3F-A159,三层A区,100455350,07:30,22:00,100455350.txt
100456415,3F-A160,三层A区,100455350,07:30,22:00,100455350.txt
100456416,3F-A161,三层A区,100455350,07:30,22:00,100455350.txt
100456417,3F-A162,三层A区,100455350,07:30,22:00,100455350.txt
100456418,3F-A163,三层A区,100455350,07:30,22:00,100455350.txt
100456419,3F-A164,三层A区,100455350,07:30,22:00,100455350.txt
100456420,3F-A165,三层A区,100455350,07:30,22:00,100455350.txt
100456421,3F-A166,三层A区,100455350,07:30,22:00,100455350.txt
100456422,3F-A167,三层A区,100455350,07:30,22:00,100455350.txt
100456423,3F-A168,三层A区,100455350,07:30,22:00,100455350.txt
100456424,3F-A169,三层A区,100455350,07:30,22:00,100455350.txt
100456425,3F-A170,三层A区,100455350,07:30,22:00,100455350.txt
100456426,3F-A171,三层A区,100455350,07:30,22:00,100455350.txt
100456427,3F-A172,三层A区,100455350,07:30,22:00,100455350.txt
100456428,3F-A173,三层A区,100455350,07:30,22:00,100455350.txt
100456429,3F-A174,三层A区,100455350,07:30,22:00,100455350.txt
100456430,3F-A175,三层A区,100455350,07:30,22:00,100455350.txt
100456431,3F-A176,三层A区,100455350,07:30,22:00,100455350.txt
100456432,3F-A177,三层A区,100455350,07:30,22:00,100455350.txt
100456433,3F-A178,三层A区,100455350,07:30,22:00,100455350.txt
100456434,3F-A179,三层A区,100455350,07:30,22:00,100455350.txt
100456435,3F-A180,三层A区,100455350,07:30,22:00,100455350.txt
100456436,3F-A181,三层A区,100455350,07:30,22:00,100455350.txt
100456437,3F-A182,三层A区,100455350,07:30,22:00,100455350.txt
100456438,3F-A183,三层A区,100455350,07:30,22:00,100455350.txt
100456439,3F-A184,三层A区,100455350,07:30,22:00,100455350.txt
100456440,3F-A185,三层A区,100455350,07:30,22:00,100455350.txt
100456441,3F-A186,三层A区,100455350,07:30,22:00,100455350.txt
100456442,3F-A187,三层A区,100455350,07:30,22:00,100455350.txt
100456443,3F-A188,三层A区,100455350,07:30,22:00,100455350.txt
100456444,3F-A189,三层A区,100455350,07:30,22:00,100455350.txt
100456445,3F-A190,三层A区,100455350,07:30,22:00,100455350.txt
100456446,3F-A191,三层A区,100455350,07:30,22:00,100455350.txt
100456447,3F-A192,三层A区,100455350,07:30,22:00,100455350.txt
100456448,3F-A193,三层A区,100455350,07:30,22:00,100455350.txt
100456449,3F-A194,三层A区,100455350,07:30,22:00,100455350.txt
100456450,3F-A195,三层A区,100455350,07:30,22:00,100455350.txt
100456451,3F-A196,三层A区,100455350,07:30,22:00,100455350.txt
100456452,3F-A197,三层A区,100455350,07:30,22:00,100455350.txt
100456453,3F-A198,三层A区,100455350,07:30,22:00,100455350.txt
100456454,3F-A199,三层A区,100455350,07:30,22:00,100455350.txt
100456455,3F-A200,三层A区,100455350,07:30,22:00,100455350.txt
100456456,3F-A201,三层A区,100455350,07:30,22:00,100455350.txt
100456457,3F-A202,三层A区,100455350,07:30,22:00,100455350.txt
100456458,3F-A203,三层A区,100455350,07:30,22:00,100455350.txt
100456459,3F-A204,三层A区,100455350,07:30,22:00,100455350.txt
100456460,3F-A205,三层A区,100455350,07:30,22:00,100455350.txt
100456461,3F-A206,三层A区,100455350,07:30,22:00,100455350.txt
100456462,3F-A207,三层A区,100455350,07:30,22:00,100455350.txt
100456463,3F-A208,三层A区,100455350,07:30,22:00,100455350.txt
100456464,3F-A209,三层A区,100455350,07:30,22:00,100455350.txt
100456465,3F-A210,三层A区,100455350,07:30,22:00,100455350.txt
100456466,3F-A211,三层A区,100455350,07:30,22:00,100455350.txt
100456467,3F-A212,三层A区,100455350,07:30,22:00,100455350.txt
100456468,3F-A213,三层A区,100455350,07:30,22:00,100455350.txt
100456469,3F-A214,三层A区,100455350,07:30,22:00,100455350.txt
100456470,3F-A215,三层A区,100455350,07:30,22:00,100455350.txt
100456471,3F-A216,三层A区,100455350,07:30,22:00,100455350.txt
100456472,3F-A217,三层A区,100455350,07:30,22:00,100455350.txt
100456473,3F-A218,三层A区,100455350,07:30,22:00,100455350.txt
100456474,3F-A219,三层A区,100455350,07:30,22:00,100455350.txt
100456475,3F-A220,三层A区,100455350,07:30,22:00,100455350.txt
100456476,3F-A221,三层A区,100455350,07:30,22:00,100455350.txt
100456477,3F-A222,三层A区,100455350,07:30,22:00,100455350.txt
100456478,3F-A223,三层A区,100455350,07:30,22:00,100455350.txt
100456479,3F-A224,三层A区,100455350,07:30,22:00,100455350.txt
100456480,3F-A225,三层A区,100455350,07:30,22:00,100455350.txt
100456481,3F-A226,三层A区,100455350,07:30,22:00,100455350.txt
100456482,3F-A227,三层A区,100455350,07:30,22:00,100455350.txt
100456483,3F-A228,三层A区,100455350,07:30,22:00,100455350.txt
100456484,3F-A229,三层A区,100455350,07:30,22:00,100455350.txt
100456485,3F-A230,三层A区,100455350,07:30,22:00,100455350.txt
100456486,3F-A231,三层A区,100455350,07:30,22:00,100455350.txt
100456487,3F-A232,三层A区,100455350,07:30,22:00,100455350.txt
100456488,3F-A233,三层A区,100455350,07:30,22:00,100455350.txt
100456489,3F-A234,三层A区,100455350,07:30,22:00,100455350.txt
100456490,3F-A235,三层A区,100455350,07:30,22:00,100455350.txt
100456491,3F-A236,三层A区,100455350,07:30,22:00,100455350.txt
100456492,3F-A237,三层A区,100455350,07:30,22:00,100455350.txt
100456493,3F-A238,三层A区,100455350,07:30,22:00,100455350.txt
100456494,3F-A239,三层A区,100455350,07:30,22:00,100455350.txt
100456495,3F-A240,三层A区,100455350,07:30,22:00,100455350.txt
100456496,3F-A241,三层A区,100455350,07:30,22:00,100455350.txt
100456497,3F-A242,三层A区,100455350,07:30,22:00,100455350.txt
100456498,3F-A243,三层A区,100455350,07:30,22:00,100455350.txt
100456499,3F-A244,三层A区,100455350,07:30,22:00,100455350.txt
100456500,3F-A245,三层A区,100455350,07:30,22:00,100455350.txt
100456501,3F-A246,三层A区,100455350,07:30,22:00,100455350.txt
100456502,3F-A247,三层A区,100455350,07:30,22:00,100455350.txt
100456503,3F-A248,三层A区,100455350,07:30,22:00,100455350.txt
100456504,3F-A249,三层A区,100455350,07:30,22:00,100455350.txt
100456505,3F-A250,三层A区,100455350,07:30,22:00,100455350.txt
100456506,3F-A251,三层A区,100455350,07:30,22:00,100455350.txt
100456507,3F-A252,三层A区,100455350,07:30,22:00,100455350.txt
100456508,3F-A253,三层A区,100455350,07:30,22:00,100455350.txt
100456509,3F-A254,三层A区,100455350,07:30,22:00,100455350.txt
100456510,3F-A255,三层A区,100455350,07:30,22:00,100455350.txt
100456511,3F-A256,三层A区,100455350,07:30,22:00,100455350.txt
100456512,3F-A257,三层A区,100455350,07:30,22:00,100455350.txt
100456513,3F-A258,三层A区,100455350,07:30,22:00,100455350.txt
100456514,3F-A259,三层A区,100455350,07:30,22:00,100455350.txt
100456515,3F-A260,三层A区,100455350,07:30,22:00,100455350.txt
100456516,3F-A261,三层A区,100455350,07:30,22:00,100455350.txt
100456517,3F-A262,三层A区,100455350,07:30,22:00,100455350.txt
100456518,3F-A263,三层A区,100455350,07:30,22:00,100455350.txt
100456519,3F-A264,三层A区,100455350,07:30,22:00,100455350.txt
100456520,3F-A265,三层A区,100455350,07:30,22:00,100455350.txt
100456521,3F-A266,三层A区,100455350,07:30,22:00,100455350.txt
100456522,3F-A267,三层A区,100455350,07:30,22:00,100455350.txt
100456523,3F-A268,三层A区,100455350,07:30,22:00,100455350.txt
100456524,3F-A269,三层A区,100455350,07:30,22:00,100455350.txt
100456525,3F-A270,三层A区,100455350,07:30,22:00,100455350.txt
100456526,3F-A271,三层A区,100455350,07:30,22:00,100455350.txt
100456527,3F-A272,三层A区,100455350,07:30,22:00,100455350.txt
100456528,3F-A273,三层A区,100455350,07:30,22:00,100455350.txt
100456529,3F-A274,三层A区,100455350,07:30,22:00,100455350.txt
100456530,3F-A275,三层A区,100455350,07:30,22:00,100455350.txt
100456531,3F-A276,三层A区,100455350,07:30,22:00,100455350.txt
100456532,3F-A277,三层A区,100455350,07:30,22:00,100455350.txt
100456533,3F-A278,三层A区,100455350,07:30,22:00,100455350.txt
100456534,3F-A279,三层A区,100455350,07:30,22:00,100455350.txt
100456535,3F-A280,三层A区,100455350,07:30,22:00,100455350.txt
100456536,3F-A281,三层A区,100455350,07:30,22:00,100455350.txt
100456537,3F-A282,三层A区,100455350,07:30,22:00,100455350.txt
100456538,3F-A283,三层A区,100455350,07:30,22:00,100455350.txt
100456539,3F-A284,三层A区,100455350,07:30,22:00,100455350.txt
100456540,3F-A285,三层A区,100455350,07:30,22:00,100455350.txt
100456541,3F-A286,三层A区,100455350,07:30,22:00,100455350.txt
100456542,3F-A287,三层A区,100455350,07:30,22:00,100455350.txt
100456543,3F-A288,三层A区,100455350,07:30,22:00,100455350.txt
100456544,3F-A289,三层A区,100455350,07:30,22:00,100455350.txt
100456545,3F-A290,三层A区,100455350,07:30,22:00,100455350.txt
100456546,3F-A291,三层A区,100455350,07:30,22:00,100455350.txt
100456547,3F-A292,三层A区,100455350,07:30,22:00,100455350.txt
100456548,3F-A293,三层A区,100455350,07:30,22:00,100455350.txt
100456549,3F-A294,三层A区,100455350,07:30,22:00,100455350.txt
100456550,3F-A295,三层A区,100455350,07:30,22:00,100455350.txt
100456551,3F-A296,三层A区,100455350,07:30,22:00,100455350.txt
100456552,3F-A297,三层A区,100455350,07:30,22:00,100455350.txt
100456553,3F-A298,三层A区,100455350,07:30,22:00,100455350.txt
100456554,3F-A299,三层A区,100455350,07:30,22:00,100455350.txt
100456555,3F-A300,三层A区,100455350,07:30,22:00,100455350.txt
100456556,3F-A301,三层A区,100455350,07:30,22:00,100455350.txt
100456557,3F-A302,三层A区,100455350,07:30,22:00,100455350.txt
100456558,3F-A303,三层A区,100455350,07:30,22:00,100455350.txt
100456559,3F-A304,三层A区,100455350,07:30,22:00,100455350.txt
100456560,3F-A305,三层A区,100455350,07:30,22:00,100455350.txt
100456561,3F-A306,三层A区,100455350,07:30,22:00,100455350.txt
100456562,3F-A307,三层A区,100455350,07:30,22:00,100455350.txt
100456563,3F-A308,三层A区,100455350,07:30,22:00,100455350.txt
100456564,3F-A309,三层A区,100455350,07:30,22:00,100455350.txt
100456565,3F-A310,三层A区,100455350,07:30,22:00,100455350.txt
100456566,3F-A311,三层A区,100455350,07:30,22:00,100455350.txt
100456567,3F-A312,三层A区,100455350,07:30,22:00,100455350.txt
100456568,3F-A313,三层A区,100455350,07:30,22:00,100455350.txt
100456569,3F-A314,三层A区,100455350,07:30,22:00,100455350.txt
100456570,3F-A315,三层A区,100455350,07:30,22:00,100455350.txt
100456571,3F-A316,三层A区,100455350,07:30,22:00,100455350.txt
100456572,3F-A317,三层A区,100455350,07:30,22:00,100455350.txt
100456573,3F-A318,三层A区,100455350,07:30,22:00,100455350.txt
100456574,3F-A319,三层A区,100455350,07:30,22:00,100455350.txt
100456575,3F-A320,三层A区,100455350,07:30,22:00,100455350.txt
100456576,3F-A321,三层A区,100455350,07:30,22:00,100455350.txt
100456577,3F-A322,三层A区,100455350,07:30,22:00,100455350.txt
100456578,3F-A323,三层A区,100455350,07:30,22:00,100455350.txt
100456579,3F-A324,三层A区,100455350,07:30,22:00,100455350.txt
100456580,3F-A325,三层A区,100455350,07:30,22:00,100455350.txt
100456581,3F-A326,三层A区,100455350,07:30,22:00,100455350.txt
100456582,3F-A327,三层A区,100455350,07:30,22:00,100455350.txt
100456583,3F-A328,三层A区,100455350,07:30,22:00,100455350.txt
100456584,3F-A329,三层A区,100455350,07:30,22:00,100455350.txt
100456585,3F-A330,三层A区,100455350,07:30,22:00,100455350.txt
100456586,3F-A331,三层A区,100455350,07:30,22:00,100455350.txt
100456587,3F-A332,三层A区,100455350,07:30,22:00,100455350.txt
100456588,3F-A333,三层A区,100455350,07:30,22:00,100455350.txt
100456589,3F-A334,三层A区,100455350,07:30,22:00,100455350.txt
100456590,3F-A335,三层A区,100455350,07:30,22:00,100455350.txt
100456591,3F-A336,三层A区,100455350,07:30,22:00,100455350.txt
100456592,3F-A337,三层A区,100455350,07:30,22:00,100455350.txt
100456593,3F-A338,三层A区,100455350,07:30,22:00,100455350.txt
100456594,3F-A339,三层A区,100455350,07:30,22:00,100455350.txt
100456595,3F-A340,三层A区,100455350,07:30,22:00,100455350.txt
100456596,3F-A341,三层A区,100455350,07:30,22:00,100455350.txt
100456597,3F-A342,三层A区,100455350,07:30,22:00,100455350.txt
100456598,3F-A343,三层A区,100455350,07:30,22:00,100455350.txt
100456599,3F-A344,三层A区,100455350,07:30,22:00,100455350.txt
100456600,3F-A345,三层A区,100455350,07:30,22:00,100455350.txt
100456601,3F-A346,三层A区,100455350,07:30,22:00,100455350.txt
100456602,3F-A347,三层A区,100455350,07:30,22:00,100455350.txt
100456603,3F-A348,三层A区,100455350,07:30,22:00,100455350.txt
100456604,3F-A349,三层A区,100455350,07:30,22:00,100455350.txt
100456605,3F-A350,三层A区,100455350,07:30,22:00,100455350.txt
100456606,3F-A351,三层A区,100455350,07:30,22:00,100455350.txt
100456607,3F-A352,三层A区,100455350,07:30,22:00,100455350.txt
100456608,3F-A353,三层A区,100455350,07:30,22:00,100455350.txt
100456609,3F-A354,三层A区,100455350,07:30,22:00,100455350.txt
100456610,3F-A355,三层A区,100455350,07:30,22:00,100455350.txt
100456611,3F-A356,三层A区,100455350,07:30,22:00,100455350.txt
100456612,3F-A357,三层A区,100455350,07:30,22:00,100455350.txt
100456613,3F-A358,三层A区,100455350,07:30,22:00,100455350.txt
100456614,3F-A359,三层A区,100455350,07:30,22:00,100455350.txt
100456615,3F-A360,三层A区,100455350,07:30,22:00,100455350.txt
100456616,3F-A361,三层A区,100455350,07:30,22:00,100455350.txt
100456617,3F-A362,三层A区,100455350,07:30,22:00,100455350.txt
100456618,3F-A363,三层A区,100455350,07:30,22:00,100455350.txt
100456619,3F-A364,三层A区,100455350,07:30,22:00,100455350.txt
100456620,3F-A365,三层A区,100455350,07:30,22:00,100455350.txt
100456621,3F-A366,三层A区,100455350,07:30,22:00,100455350.txt
100456622,3F-A367,三层A区,100455350,07:30,22:00,100455350.txt
100456623,3F-A368,三层A区,100455350,07:30,22:00,100455350.txt
100456624,3F-A369,三层A区,100455350,07:30,22:00,100455350.txt
100456625,3F-A370,三层A区,100455350,07:30,22:00,100455350.txt
100456626,3F-A371,三层A区,100455350,07:30,22:00,100455350.txt
100456627,3F-A372,三层A区,100455350,07:30,22:00,100455350.txt
100456628,3F-A373,三层A区,100455350,07:30,22:00,100455350.txt
100456629,3F-A374,三层A区,100455350,07:30,22:00,100455350.txt
100456630,3F-A375,三层A区,100455350,07:30,22:00,100455350.txt
100456631,3F-A376,三层A区,100455350,07:30,22:00,100455350.txt
100456632,3F-A377,三层A区,100455350,07:30,22:00,100455350.txt
100456633,3F-A378,三层A区,100455350,07:30,22:00,100455350.txt
100456634,3F-A379,三层A区,100455350,07:30,22:00,100455350.txt
100456635,3F-A380,三层A区,100455350,07:30,22:00,100455350.txt
100456636,3F-A381,三层A区,100455350,07:30,22:00,100455350.txt
100456637,3F-A382,三层A区,100455350,07:30,22:00,100455350.txt
100456638,3F-A383,三层A区,100455350,07:30,22:00,100455350.txt
100456639,3F-A384,三层A区,100455350,07:30,22:00,100455350.txt
100456640,3F-A385,三层A区,100455350,07:30,22:00,100455350.txt
100456641,3F-A386,三层A区,100455350,07:30,22:00,100455350.txt
100456642,3F-A387,三层A区,100455350,07:30,22:00,100455350.txt
100456643,3F-A388,三层A区,100455350,07:30,22:00,100455350.txt
100456644,3F-A389,三层A区,100455350,07:30,22:00,100455350.txt
100456645,3F-A390,三层A区,100455350,07:30,22:00,100455350.txt
100456646,3F-A391,三层A区,100455350,07:30,22:00,100455350.txt
100456647,3F-A392,三层A区,100455350,07:30,22:00,100455350.txt
100456648,3F-A393,三层A区,100455350,07:30,22:00,100455350.txt
100456649,3F-A394,三层A区,100455350,07:30,22:00,100455350.txt
100456650,3F-A395,三层A区,100455350,07:30,22:00,100455350.txt
100456651,3F-A396,三层A区,100455350,07:30,22:00,100455350.txt
100456652,3F-A397,三层A区,100455350,07:30,22:00,100455350.txt
100456653,3F-A398,三层A区,100455350,07:30,22:00,100455350.txt
100456654,3F-A399,三层A区,100455350,07:30,22:00,100455350.txt
100456655,3F-A400,三层A区,100455350,07:30,22:00,100455350.txt
100456656,3F-A401,三层A区,100455350,07:30,22:00,100455350.txt
100456657,3F-A402,三层A区,100455350,07:30,22:00,100455350.txt
100456658,3F-A403,三层A区,100455350,07:30,22:00,100455350.txt
100456659,3F-A404,三层A区,100455350,07:30,22:00,100455350.txt
100456660,3F-B001,三层B区,100455352,07:30,22:00,100455352.txt
100456661,3F-B002,三层B区,100455352,07:30,22:00,100455352.txt
100456662,3F-B003,三层B区,100455352,07:30,22:00,100455352.txt
100456663,3F-B004,三层B区,100455352,07:30,22:00,100455352.txt
100456664,3F-B005,三层B区,100455352,07:30,22:00,100455352.txt
100456665,3F-B006,三层B区,100455352,07:30,22:00,100455352.txt
100456666,3F-B007,三层B区,100455352,07:30,22:00,100455352.txt
100456667,3F-B008,三层B区,100455352,07:30,22:00,100455352.txt
100456668,3F-B009,三层B区,100455352,07:30,22:00,100455352.txt
100456669,3F-B010,三层B区,100455352,07:30,22:00,100455352.txt
100456670,3F-B011,三层B区,100455352,07:30,22:00,100455352.txt
100456671,3F-B012,三层B区,100455352,07:30,22:00,100455352.txt
100456672,3F-B013,三层B区,100455352,07:30,22:00,100455352.txt
100456673,3F-B014,三层B区,100455352,07:30,22:00,100455352.txt
100456674,3F-B015,三层B区,100455352,07:30,22:00,100455352.txt
100456675,3F-B016,三层B区,100455352,07:30,22:00,100455352.txt
100456676,3F-B017,三层B区,100455352,07:30,22:00,100455352.txt
100456677,3F-B018,三层B区,100455352,07:30,22:00,100455352.txt
100456678,3F-B019,三层B区,100455352,07:30,22:00,100455352.txt
100456679,3F-B020,三层B区,100455352,07:30,22:00,100455352.txt
100456680,3F-B021,三层B区,100455352,07:30,22:00,100455352.txt
100456681,3F-B022,三层B区,100455352,07:30,22:00,100455352.txt
100456682,3F-B023,三层B区,100455352,07:30,22:00,100455352.txt
100456683,3F-B024,三层B区,100455352,07:30,22:00,100455352.txt
100456684,3F-B025,三层B区,100455352,07:30,22:00,100455352.txt
100456685,3F-B026,三层B区,100455352,07:30,22:00,100455352.txt
100456686,3F-B027,三层B区,100455352,07:30,22:00,100455352.txt
100456687,3F-B028,三层B区,100455352,07:30,22:00,100455352.txt
100456688,3F-B029,三层B区,100455352,07:30,22:00,100455352.txt
100456689,3F-B030,三层B区,100455352,07:30,22:00,100455352.txt
100456690,3F-B031,三层B区,100455352,07:30,22:00,100455352.txt
100456691,3F-B032,三层B区,100455352,07:30,22:00,100455352.txt
100456692,3F-B033,三层B区,100455352,07:30,22:00,100455352.txt
100456693,3F-B034,三层B区,100455352,07:30,22:00,100455352.txt
100456694,3F-B035,三层B区,100455352,07:30,22:00,100455352.txt
100456695,3F-B036,三层B区,100455352,07:30,22:00,100455352.txt
100456696,3F-B037,三层B区,100455352,07:30,22:00,100455352.txt
100456697,3F-B038,三层B区,100455352,07:30,22:00,100455352.txt
100456698,3F-B039,三层B区,100455352,07:30,22:00,100455352.txt
100456699,3F-B040,三层B区,100455352,07:30,22:00,100455352.txt
100456700,3F-B041,三层B区,100455352,07:30,22:00,100455352.txt
100456701,3F-B042,三层B区,100455352,07:30,22:00,100455352.txt
100456702,3F-B043,三层B区,100455352,07:30,22:00,100455352.txt
100456703,3F-B044,三层B区,100455352,07:30,22:00,100455352.txt
100456704,3F-B045,三层B区,100455352,07:30,22:00,100455352.txt
100456705,3F-B046,三层B区,100455352,07:30,22:00,100455352.txt
100456706,3F-B047,三层B区,100455352,07:30,22:00,100455352.txt
100456707,3F-B048,三层B区,100455352,07:30,22:00,100455352.txt
100456708,3F-B049,三层B区,100455352,07:30,22:00,100455352.txt
100456709,3F-B050,三层B区,100455352,07:30,22:00,100455352.txt
100456710,3F-B051,三层B区,100455352,07:30,22:00,100455352.txt
100456711,3F-B052,三层B区,100455352,07:30,22:00,100455352.txt
100456712,3F-B053,三层B区,100455352,07:30,22:00,100455352.txt
100456713,3F-B054,三层B区,100455352,07:30,22:00,100455352.txt
100456714,3F-B055,三层B区,100455352,07:30,22:00,100455352.txt
100456715,3F-B056,三层B区,100455352,07:30,22:00,100455352.txt
100456716,3F-B057,三层B区,100455352,07:30,22:00,100455352.txt
100456717,3F-B058,三层B区,100455352,07:30,22:00,100455352.txt
100456718,3F-B059,三层B区,100455352,07:30,22:00,100455352.txt
100456719,3F-B060,三层B区,100455352,07:30,22:00,100455352.txt
100456720,3F-B061,三层B区,100455352,07:30,22:00,100455352.txt
100456721,3F-B062,三层B区,100455352,07:30,22:00,100455352.txt
100456722,3F-B063,三层B区,100455352,07:30,22:00,100455352.txt
100456723,3F-B064,三层B区,100455352,07:30,22:00,100455352.txt
100456724,3F-B065,三层B区,100455352,07:30,22:00,100455352.txt
100456725,3F-B066,三层B区,100455352,07:30,22:00,100455352.txt
100456726,3F-B067,三层B区,100455352,07:30,22:00,100455352.txt
100456727,3F-B068,三层B区,100455352,07:30,22:00,100455352.txt
100456728,3F-B069,三层B区,100455352,07:30,22:00,100455352.txt
100456729,3F-B070,三层B区,100455352,07:30,22:00,100455352.txt
100456730,3F-B071,三层B区,100455352,07:30,22:00,100455352.txt
100456731,3F-B072,三层B区,100455352,07:30,22:00,100455352.txt
100456732,3F-B073,三层B区,100455352,07:30,22:00,100455352.txt
100456733,3F-B074,三层B区,100455352,07:30,22:00,100455352.txt
100456734,3F-B075,三层B区,100455352,07:30,22:00,100455352.txt
100456735,3F-B076,三层B区,100455352,07:30,22:00,100455352.txt
100456736,3F-B077,三层B区,100455352,07:30,22:00,100455352.txt
100456737,3F-B078,三层B区,100455352,07:30,22:00,100455352.txt
100456738,3F-B079,三层B区,100455352,07:30,22:00,100455352.txt
100456739,3F-B080,三层B区,100455352,07:30,22:00,100455352.txt
100456740,3F-B081,三层B区,100455352,07:30,22:00,100455352.txt
100456741,3F-B082,三层B区,100455352,07:30,22:00,100455352.txt
100456742,3F-B083,三层B区,100455352,07:30,22:00,100455352.txt
100456743,3F-B084,三层B区,100455352,07:30,22:00,100455352.txt
100456744,3F-B085,三层B区,100455352,07:30,22:00,100455352.txt
100456745,3F-B086,三层B区,100455352,07:30,22:00,100455352.txt
100456746,3F-B087,三层B区,100455352,07:30,22:00,100455352.txt
100456747,3F-B088,三层B区,100455352,07:30,22:00,100455352.txt
100456748,3F-B089,三层B区,100455352,07:30,22:00,100455352.txt
100456749,3F-B090,三层B区,100455352,07:30,22:00,100455352.txt
100456750,3F-B091,三层B区,100455352,07:30,22:00,100455352.txt
100456751,3F-B092,三层B区,100455352,07:30,22:00,100455352.txt
100456752,3F-B093,三层B区,100455352,07:30,22:00,100455352.txt
100456753,3F-B094,三层B区,100455352,07:30,22:00,100455352.txt
100456754,3F-B095,三层B区,100455352,07:30,22:00,100455352.txt
100456755,3F-B096,三层B区,100455352,07:30,22:00,100455352.txt
100456756,3F-B097,三层B区,100455352,07:30,22:00,100455352.txt
100456757,3F-B098,三层B区,100455352,07:30,22:00,100455352.txt
100456758,3F-B099,三层B区,100455352,07:30,22:00,100455352.txt
100456759,3F-B100,三层B区,100455352,07:30,22:00,100455352.txt
100456760,3F-B101,三层B区,100455352,07:30,22:00,100455352.txt
100456761,3F-B102,三层B区,100455352,07:30,22:00,100455352.txt
100456762,3F-B103,三层B区,100455352,07:30,22:00,100455352.txt
100456763,3F-B104,三层B区,100455352,07:30,22:00,100455352.txt
100456764,3F-B105,三层B区,100455352,07:30,22:00,100455352.txt
100456765,3F-B106,三层B区,100455352,07:30,22:00,100455352.txt
100456766,3F-B107,三层B区,100455352,07:30,22:00,100455352.txt
100456767,3F-B108,三层B区,100455352,07:30,22:00,100455352.txt
100456768,3F-B109,三层B区,100455352,07:30,22:00,100455352.txt
100456769,3F-B110,三层B区,100455352,07:30,22:00,100455352.txt
100456770,3F-B111,三层B区,100455352,07:30,22:00,100455352.txt
100456771,3F-B112,三层B区,100455352,07:30,22:00,100455352.txt
100456772,3F-B113,三层B区,100455352,07:30,22:00,100455352.txt
100456773,3F-B114,三层B区,100455352,07:30,22:00,100455352.txt
100456774,3F-B115,三层B区,100455352,07:30,22:00,100455352.txt
100456775,3F-B116,三层B区,100455352,07:30,22:00,100455352.txt
100456776,3F-B117,三层B区,100455352,07:30,22:00,100455352.txt
100456777,3F-B118,三层B区,100455352,07:30,22:00,100455352.txt
100456778,3F-B119,三层B区,100455352,07:30,22:00,100455352.txt
100456779,3F-B120,三层B区,100455352,07:30,22:00,100455352.txt
100456780,3F-B121,三层B区,100455352,07:30,22:00,100455352.txt
100456781,3F-B122,三层B区,100455352,07:30,22:00,100455352.txt
100456782,3F-B123,三层B区,100455352,07:30,22:00,100455352.txt
100456783,3F-B124,三层B区,100455352,07:30,22:00,100455352.txt
100456784,3F-B125,三层B区,100455352,07:30,22:00,100455352.txt
100456785,3F-B126,三层B区,100455352,07:30,22:00,100455352.txt
100456786,3F-B127,三层B区,100455352,07:30,22:00,100455352.txt
100456787,3F-B128,三层B区,100455352,07:30,22:00,100455352.txt
100456788,3F-B129,三层B区,100455352,07:30,22:00,100455352.txt
100456789,3F-B130,三层B区,100455352,07:30,22:00,100455352.txt
100456790,3F-B131,三层B区,100455352,07:30,22:00,100455352.txt
100456791,3F-B132,三层B区,100455352,07:30,22:00,100455352.txt
100499567,3F-C001,三层C区,100455354,07:30,22:00,100455354.txt
100499568,3F-C002,三层C区,100455354,07:30,22:00,100455354.txt
100499569,3F-C003,三层C区,100455354,07:30,22:00,100455354.txt
100499570,3F-C004,三层C区,100455354,07:30,22:00,100455354.txt
100499571,3F-C005,三层C区,100455354,07:30,22:00,100455354.txt
100499572,3F-C006,三层C区,100455354,07:30,22:00,100455354.txt
100499573,3F-C007,三层C区,100455354,07:30,22:00,100455354.txt
100499574,3F-C008,三层C区,100455354,07:30,22:00,100455354.txt
100499575,3F-C009,三层C区,100455354,07:30,22:00,100455354.txt
100499576,3F-C010,三层C区,100455354,07:30,22:00,100455354.txt
100499577,3F-C011,三层C区,100455354,07:30,22:00,100455354.txt
100499578,3F-C012,三层C区,100455354,07:30,22:00,100455354.txt
100499579,3F-C013,三层C区,100455354,07:30,22:00,100455354.txt
100499580,3F-C014,三层C区,100455354,07:30,22:00,100455354.txt
100499581,3F-C015,三层C区,100455354,07:30,22:00,100455354.txt
100499582,3F-C016,三层C区,100455354,07:30,22:00,100455354.txt
100499583,3F-C017,三层C区,100455354,07:30,22:00,100455354.txt
100499584,3F-C018,三层C区,100455354,07:30,22:00,100455354.txt
100499585,3F-C019,三层C区,100455354,07:30,22:00,100455354.txt
100499586,3F-C020,三层C区,100455354,07:30,22:00,100455354.txt
100499587,3F-C021,三层C区,100455354,07:30,22:00,100455354.txt
100499588,3F-C022,三层C区,100455354,07:30,22:00,100455354.txt
100499589,3F-C023,三层C区,100455354,07:30,22:00,100455354.txt
100499590,3F-C024,三层C区,100455354,07:30,22:00,100455354.txt
100499591,3F-C025,三层C区,100455354,07:30,22:00,100455354.txt
100499592,3F-C026,三层C区,100455354,07:30,22:00,100455354.txt
100499593,3F-C027,三层C区,100455354,07:30,22:00,100455354.txt
100499594,3F-C028,三层C区,100455354,07:30,22:00,100455354.txt
100499595,3F-C029,三层C区,100455354,07:30,22:00,100455354.txt
100499596,3F-C030,三层C区,100455354,07:30,22:00,100455354.txt
100499597,3F-C031,三层C区,100455354,07:30,22:00,100455354.txt
100499598,3F-C032,三层C区,100455354,07:30,22:00,100455354.txt
100499599,3F-C033,三层C区,100455354,07:30,22:00,100455354.txt
100499600,3F-C034,三层C区,100455354,07:30,22:00,100455354.txt
100499601,3F-C035,三层C区,100455354,07:30,22:00,100455354.txt
100499602,3F-C036,三层C区,100455354,07:30,22:00,100455354.txt
100499603,3F-C037,三层C区,100455354,07:30,22:00,100455354.txt
100499604,3F-C038,三层C区,100455354,07:30,22:00,100455354.txt
100499605,3F-C039,三层C区,100455354,07:30,22:00,100455354.txt
100499606,3F-C040,三层C区,100455354,07:30,22:00,100455354.txt
100499607,3F-C041,三层C区,100455354,07:30,22:00,100455354.txt
100499608,3F-C042,三层C区,100455354,07:30,22:00,100455354.txt
100499609,3F-C043,三层C区,100455354,07:30,22:00,100455354.txt
100499610,3F-C044,三层C区,100455354,07:30,22:00,100455354.txt
100499611,3F-C045,三层C区,100455354,07:30,22:00,100455354.txt
100499612,3F-C046,三层C区,100455354,07:30,22:00,100455354.txt
100499613,3F-C047,三层C区,100455354,07:30,22:00,100455354.txt
100499614,3F-C048,三层C区,100455354,07:30,22:00,100455354.txt
100499615,3F-C049,三层C区,100455354,07:30,22:00,100455354.txt
100499616,3F-C050,三层C区,100455354,07:30,22:00,100455354.txt
100499617,3F-C051,三层C区,100455354,07:30,22:00,100455354.txt
100499618,3F-C052,三层C区,100455354,07:30,22:00,100455354.txt
100499619,3F-C053,三层C区,100455354,07:30,22:00,100455354.txt
100499620,3F-C054,三层C区,100455354,07:30,22:00,100455354.txt
100499621,3F-C055,三层C区,100455354,07:30,22:00,100455354.txt
100499622,3F-C056,三层C区,100455354,07:30,22:00,100455354.txt
100499623,3F-C057,三层C区,100455354,07:30,22:00,100455354.txt
100499624,3F-C058,三层C区,100455354,07:30,22:00,100455354.txt
100499625,3F-C059,三层C区,100455354,07:30,22:00,100455354.txt
100499626,3F-C060,三层C区,100455354,07:30,22:00,100455354.txt
100499627,3F-C061,三层C区,100455354,07:30,22:00,100455354.txt
100499628,3F-C062,三层C区,100455354,07:30,22:00,100455354.txt
100499629,3F-C063,三层C区,100455354,07:30,22:00,100455354.txt
100499630,3F-C064,三层C区,100455354,07:30,22:00,100455354.txt
100499631,3F-C065,三层C区,100455354,07:30,22:00,100455354.txt
100499632,3F-C066,三层C区,100455354,07:30,22:00,100455354.txt
100499633,3F-C067,三层C区,100455354,07:30,22:00,100455354.txt
100499634,3F-C068,三层C区,100455354,07:30,22:00,100455354.txt
100499635,3F-C069,三层C区,100455354,07:30,22:00,100455354.txt
100499636,3F-C070,三层C区,100455354,07:30,22:00,100455354.txt
100499637,3F-C071,三层C区,100455354,07:30,22:00,100455354.txt
100499638,3F-C072,三层C区,100455354,07:30,22:00,100455354.txt
100499639,3F-C073,三层C区,100455354,07:30,22:00,100455354.txt
100499640,3F-C074,三层C区,100455354,07:30,22:00,100455354.txt
100499641,3F-C075,三层C区,100455354,07:30,22:00,100455354.txt
100499642,3F-C076,三层C区,100455354,07:30,22:00,100455354.txt
100499643,3F-C077,三层C区,100455354,07:30,22:00,100455354.txt
100499644,3F-C078,三层C区,100455354,07:30,22:00,100455354.txt
100499645,3F-C079,三层C区,100455354,07:30,22:00,100455354.txt
100499646,3F-C080,三层C区,100455354,07:30,22:00,100455354.txt
100499647,3F-C081,三层C区,100455354,07:30,22:00,100455354.txt
100499648,3F-C082,三层C区,100455354,07:30,22:00,100455354.txt
100499649,3F-C083,三层C区,100455354,07:30,22:00,100455354.txt
100499650,3F-C084,三层C区,100455354,07:30,22:00,100455354.txt
100499651,3F-C085,三层C区,100455354,07:30,22:00,100455354.txt
100499652,3F-C086,三层C区,100455354,07:30,22:00,100455354.txt
100499653,3F-C087,三层C区,100455354,07:30,22:00,100455354.txt
100499654,3F-C088,三层C区,100455354,07:30,22:00,100455354.txt
100499655,3F-C089,三层C区,100455354,07:30,22:00,100455354.txt
100499656,3F-C090,三层C区,100455354,07:30,22:00,100455354.txt
100499657,3F-C091,三层C区,100455354,07:30,22:00,100455354.txt
100499658,3F-C092,三层C区,100455354,07:30,22:00,100455354.txt
100499659,3F-C093,三层C区,100455354,07:30,22:00,100455354.txt
100499660,3F-C094,三层C区,100455354,07:30,22:00,100455354.txt
100499661,3F-C095,三层C区,100455354,07:30,22:00,100455354.txt
100499662,3F-C096,三层C区,100455354,07:30,22:00,100455354.txt
100499663,3F-C097,三层C区,100455354,07:30,22:00,100455354.txt
100499664,3F-C098,三层C区,100455354,07:30,22:00,100455354.txt
100499665,3F-C099,三层C区,100455354,07:30,22:00,100455354.txt
100499666,3F-C100,三层C区,100455354,07:30,22:00,100455354.txt
100499667,3F-C101,三层C区,100455354,07:30,22:00,100455354.txt
100499668,3F-C102,三层C区,100455354,07:30,22:00,100455354.txt
100499669,3F-C103,三层C区,100455354,07:30,22:00,100455354.txt
100499670,3F-C104,三层C区,100455354,07:30,22:00,100455354.txt
100499671,3F-C105,三层C区,100455354,07:30,22:00,100455354.txt
100499672,3F-C106,三层C区,100455354,07:30,22:00,100455354.txt
100499673,3F-C107,三层C区,100455354,07:30,22:00,100455354.txt
100499674,3F-C108,三层C区,100455354,07:30,22:00,100455354.txt
100499675,3F-C109,三层C区,100455354,07:30,22:00,100455354.txt
100499676,3F-C110,三层C区,100455354,07:30,22:00,100455354.txt
100499677,3F-C111,三层C区,100455354,07:30,22:00,100455354.txt
100499678,3F-C112,三层C区,100455354,07:30,22:00,100455354.txt
100499679,3F-C113,三层C区,100455354,07:30,22:00,100455354.txt
100499680,3F-C114,三层C区,100455354,07:30,22:00,100455354.txt
100499681,3F-C115,三层C区,100455354,07:30,22:00,100455354.txt
100499682,3F-C116,三层C区,100455354,07:30,22:00,100455354.txt
100499683,3F-C117,三层C区,100455354,07:30,22:00,100455354.txt
100499684,3F-C118,三层C区,100455354,07:30,22:00,100455354.txt
100499685,3F-C119,三层C区,100455354,07:30,22:00,100455354.txt
100499686,3F-C120,三层C区,100455354,07:30,22:00,100455354.txt
100499687,3F-C121,三层C区,100455354,07:30,22:00,100455354.txt
100499688,3F-C122,三层C区,100455354,07:30,22:00,100455354.txt
100499689,3F-C123,三层C区,100455354,07:30,22:00,100455354.txt
100499690,3F-C124,三层C区,100455354,07:30,22:00,100455354.txt
100499691,3F-C125,三层C区,100455354,07:30,22:00,100455354.txt
100499692,3F-C126,三层C区,100455354,07:30,22:00,100455354.txt
100499693,3F-C127,三层C区,100455354,07:30,22:00,100455354.txt
100499694,3F-C128,三层C区,100455354,07:30,22:00,100455354.txt
100499695,3F-C129,三层C区,100455354,07:30,22:00,100455354.txt
100499696,3F-C130,三层C区,100455354,07:30,22:00,100455354.txt
100499697,3F-C131,三层C区,100455354,07:30,22:00,100455354.txt
100499698,3F-C132,三层C区,100455354,07:30,22:00,100455354.txt
100499699,3F-C133,三层C区,100455354,07:30,22:00,100455354.txt
100499700,3F-C134,三层C区,100455354,07:30,22:00,100455354.txt
100499701,3F-C135,三层C区,100455354,07:30,22:00,100455354.txt
100499702,3F-C136,三层C区,100455354,07:30,22:00,100455354.txt
100499703,3F-C137,三层C区,100455354,07:30,22:00,100455354.txt
100499704,3F-C138,三层C区,100455354,07:30,22:00,100455354.txt
100499705,3F-C139,三层C区,100455354,07:30,22:00,100455354.txt
100499706,3F-C140,三层C区,100455354,07:30,22:00,100455354.txt
100499707,3F-C141,三层C区,100455354,07:30,22:00,100455354.txt
100499708,3F-C142,三层C区,100455354,07:30,22:00,100455354.txt
100499709,3F-C143,三层C区,100455354,07:30,22:00,100455354.txt
100499710,3F-C144,三层C区,100455354,07:30,22:00,100455354.txt
100499711,3F-C145,三层C区,100455354,07:30,22:00,100455354.txt
100499712,3F-C146,三层C区,100455354,07:30,22:00,100455354.txt
100499713,3F-C147,三层C区,100455354,07:30,22:00,100455354.txt
100499714,3F-C148,三层C区,100455354,07:30,22:00,100455354.txt
100499715,3F-C149,三层C区,100455354,07:30,22:00,100455354.txt
100499716,3F-C150,三层C区,100455354,07:30,22:00,100455354.txt
100499717,3F-C151,三层C区,100455354,07:30,22:00,100455354.txt
100499718,3F-C152,三层C区,100455354,07:30,22:00,100455354.txt
100499719,3F-C153,三层C区,100455354,07:30,22:00,100455354.txt
100499720,3F-C154,三层C区,100455354,07:30,22:00,100455354.txt
100499721,3F-C155,三层C区,100455354,07:30,22:00,100455354.txt
100499722,3F-C156,三层C区,100455354,07:30,22:00,100455354.txt
100499723,3F-C157,三层C区,100455354,07:30,22:00,100455354.txt
100499724,3F-C158,三层C区,100455354,07:30,22:00,100455354.txt
100499725,3F-C159,三层C区,100455354,07:30,22:00,100455354.txt
100499726,3F-C160,三层C区,100455354,07:30,22:00,100455354.txt
100499727,3F-C161,三层C区,100455354,07:30,22:00,100455354.txt
100499728,3F-C162,三层C区,100455354,07:30,22:00,100455354.txt
100499729,4F-A001,四层A区,100455356,07:30,22:00,100455356.txt
100499730,4F-A002,四层A区,100455356,07:30,22:00,100455356.txt
100499731,4F-A003,四层A区,100455356,07:30,22:00,100455356.txt
100499732,4F-A004,四层A区,100455356,07:30,22:00,100455356.txt
100499733,4F-A005,四层A区,100455356,07:30,22:00,100455356.txt
100499734,4F-A006,四层A区,100455356,07:30,22:00,100455356.txt
100499735,4F-A007,四层A区,100455356,07:30,22:00,100455356.txt
100499736,4F-A008,四层A区,100455356,07:30,22:00,100455356.txt
100499737,4F-A009,四层A区,100455356,07:30,22:00,100455356.txt
100499738,4F-A010,四层A区,100455356,07:30,22:00,100455356.txt
100499739,4F-A011,四层A区,100455356,07:30,22:00,100455356.txt
100499740,4F-A012,四层A区,100455356,07:30,22:00,100455356.txt
100499741,4F-A013,四层A区,100455356,07:30,22:00,100455356.txt
100499742,4F-A014,四层A区,100455356,07:30,22:00,100455356.txt
100499743,4F-A015,四层A区,100455356,07:30,22:00,100455356.txt
100499744,4F-A016,四层A区,100455356,07:30,22:00,100455356.txt
100499745,4F-A017,四层A区,100455356,07:30,22:00,100455356.txt
100499746,4F-A018,四层A区,100455356,07:30,22:00,100455356.txt
100499747,4F-A019,四层A区,100455356,07:30,22:00,100455356.txt
100499748,4F-A020,四层A区,100455356,07:30,22:00,100455356.txt
100499749,4F-A021,四层A区,100455356,07:30,22:00,100455356.txt
100499750,4F-A022,四层A区,100455356,07:30,22:00,100455356.txt
100499751,4F-A023,四层A区,100455356,07:30,22:00,100455356.txt
100499752,4F-A024,四层A区,100455356,07:30,22:00,100455356.txt
100499753,4F-A025,四层A区,100455356,07:30,22:00,100455356.txt
100499754,4F-A026,四层A区,100455356,07:30,22:00,100455356.txt
100499755,4F-A027,四层A区,100455356,07:30,22:00,100455356.txt
100499756,4F-A028,四层A区,100455356,07:30,22:00,100455356.txt
100499757,4F-A029,四层A区,100455356,07:30,22:00,100455356.txt
100499758,4F-A030,四层A区,100455356,07:30,22:00,100455356.txt
100499759,4F-A031,四层A区,100455356,07:30,22:00,100455356.txt
100499760,4F-A032,四层A区,100455356,07:30,22:00,100455356.txt
100499761,4F-A033,四层A区,100455356,07:30,22:00,100455356.txt
100499762,4F-A034,四层A区,100455356,07:30,22:00,100455356.txt
100499763,4F-A035,四层A区,100455356,07:30,22:00,100455356.txt
100499764,4F-A036,四层A区,100455356,07:30,22:00,100455356.txt
100499765,4F-A037,四层A区,100455356,07:30,22:00,100455356.txt
100499766,4F-A038,四层A区,100455356,07:30,22:00,100455356.txt
100499767,4F-A039,四层A区,100455356,07:30,22:00,100455356.txt
100499768,4F-A040,四层A区,100455356,07:30,22:00,100455356.txt
100499769,4F-A041,四层A区,100455356,07:30,22:00,100455356.txt
100499770,4F-A042,四层A区,100455356,07:30,22:00,100455356.txt
100499771,4F-A043,四层A区,100455356,07:30,22:00,100455356.txt
100499772,4F-A044,四层A区,100455356,07:30,22:00,100455356.txt
100499773,4F-A045,四层A区,100455356,07:30,22:00,100455356.txt
100499774,4F-A046,四层A区,100455356,07:30,22:00,100455356.txt
100499775,4F-A047,四层A区,100455356,07:30,22:00,100455356.txt
100499776,4F-A048,四层A区,100455356,07:30,22:00,100455356.txt
100499777,4F-A049,四层A区,100455356,07:30,22:00,100455356.txt
100499778,4F-A050,四层A区,100455356,07:30,22:00,100455356.txt
100499779,4F-A051,四层A区,100455356,07:30,22:00,100455356.txt
100499780,4F-A052,四层A区,100455356,07:30,22:00,100455356.txt
100499781,4F-A053,四层A区,100455356,07:30,22:00,100455356.txt
100499782,4F-A054,四层A区,100455356,07:30,22:00,100455356.txt
100499783,4F-A055,四层A区,100455356,07:30,22:00,100455356.txt
100499784,4F-A056,四层A区,100455356,07:30,22:00,100455356.txt
100499785,4F-A057,四层A区,100455356,07:30,22:00,100455356.txt
100499786,4F-A058,四层A区,100455356,07:30,22:00,100455356.txt
100499787,4F-A059,四层A区,100455356,07:30,22:00,100455356.txt
100499788,4F-A060,四层A区,100455356,07:30,22:00,100455356.txt
100499789,4F-A061,四层A区,100455356,07:30,22:00,100455356.txt
100499790,4F-A062,四层A区,100455356,07:30,22:00,100455356.txt
100499791,4F-A063,四层A区,100455356,07:30,22:00,100455356.txt
100499792,4F-A064,四层A区,100455356,07:30,22:00,100455356.txt
100499793,4F-A065,四层A区,100455356,07:30,22:00,100455356.txt
100499794,4F-A066,四层A区,100455356,07:30,22:00,100455356.txt
100499795,4F-A067,四层A区,100455356,07:30,22:00,100455356.txt
100499796,4F-A068,四层A区,100455356,07:30,22:00,100455356.txt
100499797,4F-A069,四层A区,100455356,07:30,22:00,100455356.txt
100499798,4F-A070,四层A区,100455356,07:30,22:00,100455356.txt
100499799,4F-A071,四层A区,100455356,07:30,22:00,100455356.txt
100499800,4F-A072,四层A区,100455356,07:30,22:00,100455356.txt
100499801,4F-A073,四层A区,100455356,07:30,22:00,100455356.txt
100499802,4F-A074,四层A区,100455356,07:30,22:00,100455356.txt
100499803,4F-A075,四层A区,100455356,07:30,22:00,100455356.txt
100499804,4F-A076,四层A区,100455356,07:30,22:00,100455356.txt
100499805,4F-A077,四层A区,100455356,07:30,22:00,100455356.txt
100499806,4F-A078,四层A区,100455356,07:30,22:00,100455356.txt
100499807,4F-A079,四层A区,100455356,07:30,22:00,100455356.txt
100499808,4F-A080,四层A区,100455356,07:30,22:00,100455356.txt
100499809,4F-A081,四层A区,100455356,07:30,22:00,100455356.txt
100499810,4F-A082,四层A区,100455356,07:30,22:00,100455356.txt
100499811,4F-A083,四层A区,100455356,07:30,22:00,100455356.txt
100499812,4F-A084,四层A区,100455356,07:30,22:00,100455356.txt
100499813,4F-A085,四层A区,100455356,07:30,22:00,100455356.txt
100499814,4F-A086,四层A区,100455356,07:30,22:00,100455356.txt
100499815,4F-A087,四层A区,100455356,07:30,22:00,100455356.txt
100499816,4F-A088,四层A区,100455356,07:30,22:00,100455356.txt
100499817,4F-A089,四层A区,100455356,07:30,22:00,100455356.txt
100499818,4F-A090,四层A区,100455356,07:30,22:00,100455356.txt
100499819,4F-A091,四层A区,100455356,07:30,22:00,100455356.txt
100499820,4F-A092,四层A区,100455356,07:30,22:00,100455356.txt
100499821,4F-A093,四层A区,100455356,07:30,22:00,100455356.txt
100499822,4F-A094,四层A区,100455356,07:30,22:00,100455356.txt
100499823,4F-A095,四层A区,100455356,07:30,22:00,100455356.txt
100499824,4F-A096,四层A区,100455356,07:30,22:00,100455356.txt
100499825,4F-A097,四层A区,100455356,07:30,22:00,100455356.txt
100499826,4F-A098,四层A区,100455356,07:30,22:00,100455356.txt
100499827,4F-A099,四层A区,100455356,07:30,22:00,100455356.txt
100499828,4F-A100,四层A区,100455356,07:30,22:00,100455356.txt
100499829,4F-A101,四层A区,100455356,07:30,22:00,100455356.txt
100499830,4F-A102,四层A区,100455356,07:30,22:00,100455356.txt
100499831,4F-A103,四层A区,100455356,07:30,22:00,100455356.txt
100499832,4F-A104,四层A区,100455356,07:30,22:00,100455356.txt
100499833,4F-A105,四层A区,100455356,07:30,22:00,100455356.txt
100499834,4F-A106,四层A区,100455356,07:30,22:00,100455356.txt
100499835,4F-A107,四层A区,100455356,07:30,22:00,100455356.txt
100499836,4F-A108,四层A区,100455356,07:30,22:00,100455356.txt
100499837,4F-A109,四层A区,100455356,07:30,22:00,100455356.txt
100499838,4F-A110,四层A区,100455356,07:30,22:00,100455356.txt
100499839,4F-A111,四层A区,100455356,07:30,22:00,100455356.txt
100499840,4F-A112,四层A区,100455356,07:30,22:00,100455356.txt
100499841,4F-A113,四层A区,100455356,07:30,22:00,100455356.txt
100499842,4F-A114,四层A区,100455356,07:30,22:00,100455356.txt
100499843,4F-A115,四层A区,100455356,07:30,22:00,100455356.txt
100499844,4F-A116,四层A区,100455356,07:30,22:00,100455356.txt
100499845,4F-A117,四层A区,100455356,07:30,22:00,100455356.txt
100499846,4F-A118,四层A区,100455356,07:30,22:00,100455356.txt
100499847,4F-A119,四层A区,100455356,07:30,22:00,100455356.txt
100499848,4F-A120,四层A区,100455356,07:30,22:00,100455356.txt
100499849,4F-A121,四层A区,100455356,07:30,22:00,100455356.txt
100499850,4F-A122,四层A区,100455356,07:30,22:00,100455356.txt
100499851,4F-A123,四层A区,100455356,07:30,22:00,100455356.txt
100499852,4F-A124,四层A区,100455356,07:30,22:00,100455356.txt
100499853,4F-A125,四层A区,100455356,07:30,22:00,100455356.txt
100499854,4F-A126,四层A区,100455356,07:30,22:00,100455356.txt
100499855,4F-A127,四层A区,100455356,07:30,22:00,100455356.txt
100499856,4F-A128,四层A区,100455356,07:30,22:00,100455356.txt
100499857,4F-A129,四层A区,100455356,07:30,22:00,100455356.txt
100499858,4F-A130,四层A区,100455356,07:30,22:00,100455356.txt
100499859,4F-A131,四层A区,100455356,07:30,22:00,100455356.txt
100499860,4F-A132,四层A区,100455356,07:30,22:00,100455356.txt
100499861,4F-A133,四层A区,100455356,07:30,22:00,100455356.txt
100499862,4F-A134,四层A区,100455356,07:30,22:00,100455356.txt
100499863,4F-A135,四层A区,100455356,07:30,22:00,100455356.txt
100499864,4F-A136,四层A区,100455356,07:30,22:00,100455356.txt
100499865,4F-A137,四层A区,100455356,07:30,22:00,100455356.txt
100499866,4F-A138,四层A区,100455356,07:30,22:00,100455356.txt
100499867,4F-A139,四层A区,100455356,07:30,22:00,100455356.txt
100499868,4F-A140,四层A区,100455356,07:30,22:00,100455356.txt
100499869,4F-A141,四层A区,100455356,07:30,22:00,100455356.txt
100499870,4F-A142,四层A区,100455356,07:30,22:00,100455356.txt
100499871,4F-A143,四层A区,100455356,07:30,22:00,100455356.txt
100499872,4F-A144,四层A区,100455356,07:30,22:00,100455356.txt
100499873,4F-A145,四层A区,100455356,07:30,22:00,100455356.txt
100499874,4F-A146,四层A区,100455356,07:30,22:00,100455356.txt
100499875,4F-A147,四层A区,100455356,07:30,22:00,100455356.txt
100499876,4F-A148,四层A区,100455356,07:30,22:00,100455356.txt
100499877,4F-A149,四层A区,100455356,07:30,22:00,100455356.txt
100499878,4F-A150,四层A区,100455356,07:30,22:00,100455356.txt
100499879,4F-A151,四层A区,100455356,07:30,22:00,100455356.txt
100499880,4F-A152,四层A区,100455356,07:30,22:00,100455356.txt
100499881,4F-A153,四层A区,100455356,07:30,22:00,100455356.txt
100499882,4F-A154,四层A区,100455356,07:30,22:00,100455356.txt
100499883,4F-A155,四层A区,100455356,07:30,22:00,100455356.txt
100499884,4F-A156,四层A区,100455356,07:30,22:00,100455356.txt
100499885,4F-A157,四层A区,100455356,07:30,22:00,100455356.txt
100499886,4F-A158,四层A区,100455356,07:30,22:00,100455356.txt
100499887,4F-A159,四层A区,100455356,07:30,22:00,100455356.txt
100499888,4F-A160,四层A区,100455356,07:30,22:00,100455356.txt
100499889,4F-A161,四层A区,100455356,07:30,22:00,100455356.txt
100499890,4F-A162,四层A区,100455356,07:30,22:00,100455356.txt
100499891,4F-A163,四层A区,100455356,07:30,22:00,100455356.txt
100499892,4F-A164,四层A区,100455356,07:30,22:00,100455356.txt
100499893,4F-A165,四层A区,100455356,07:30,22:00,100455356.txt
100499894,4F-A166,四层A区,100455356,07:30,22:00,100455356.txt
100499895,4F-A167,四层A区,100455356,07:30,22:00,100455356.txt
100499896,4F-A168,四层A区,100455356,07:30,22:00,100455356.txt
100499897,4F-A169,四层A区,100455356,07:30,22:00,100455356.txt
100499898,4F-A170,四层A区,100455356,07:30,22:00,100455356.txt
100499899,4F-A171,四层A区,100455356,07:30,22:00,100455356.txt
100499900,4F-A172,四层A区,100455356,07:30,22:00,100455356.txt
100499901,4F-A173,四层A区,100455356,07:30,22:00,100455356.txt
100499902,4F-A174,四层A区,100455356,07:30,22:00,100455356.txt
100499903,4F-A175,四层A区,100455356,07:30,22:00,100455356.txt
100499904,4F-A176,四层A区,100455356,07:30,22:00,100455356.txt
100499905,4F-A177,四层A区,100455356,07:30,22:00,100455356.txt
100499906,4F-A178,四层A区,100455356,07:30,22:00,100455356.txt
100499907,4F-A179,四层A区,100455356,07:30,22:00,100455356.txt
100499908,4F-A180,四层A区,100455356,07:30,22:00,100455356.txt
100499909,4F-A181,四层A区,100455356,07:30,22:00,100455356.txt
100499910,4F-A182,四层A区,100455356,07:30,22:00,100455356.txt
100499911,4F-A183,四层A区,100455356,07:30,22:00,100455356.txt
100499912,4F-A184,四层A区,100455356,07:30,22:00,100455356.txt
100499913,4F-A185,四层A区,100455356,07:30,22:00,100455356.txt
100499914,4F-A186,四层A区,100455356,07:30,22:00,100455356.txt
100499915,4F-A187,四层A区,100455356,07:30,22:00,100455356.txt
100499916,4F-A188,四层A区,100455356,07:30,22:00,100455356.txt
100499917,4F-A189,四层A区,100455356,07:30,22:00,100455356.txt
100499918,4F-A190,四层A区,100455356,07:30,22:00,100455356.txt
100499919,4F-A191,四层A区,100455356,07:30,22:00,100455356.txt
100499920,4F-A192,四层A区,100455356,07:30,22:00,100455356.txt
100499921,4F-A193,四层A区,100455356,07:30,22:00,100455356.txt
100499922,4F-A194,四层A区,100455356,07:30,22:00,100455356.txt
100499923,4F-A195,四层A区,100455356,07:30,22:00,100455356.txt
100499924,4F-A196,四层A区,100455356,07:30,22:00,100455356.txt
100499925,4F-A197,四层A区,100455356,07:30,22:00,100455356.txt
100499926,4F-A198,四层A区,100455356,07:30,22:00,100455356.txt
100499927,4F-A199,四层A区,100455356,07:30,22:00,100455356.txt
100499928,4F-A200,四层A区,100455356,07:30,22:00,100455356.txt
100499929,4F-A201,四层A区,100455356,07:30,22:00,100455356.txt
100499930,4F-A202,四层A区,100455356,07:30,22:00,100455356.txt
100499931,4F-A203,四层A区,100455356,07:30,22:00,100455356.txt
100499932,4F-A204,四层A区,100455356,07:30,22:00,100455356.txt
100499933,4F-A205,四层A区,100455356,07:30,22:00,100455356.txt
100499934,4F-A206,四层A区,100455356,07:30,22:00,100455356.txt
100499935,4F-A207,四层A区,100455356,07:30,22:00,100455356.txt
100499936,4F-A208,四层A区,100455356,07:30,22:00,100455356.txt
100499937,4F-A209,四层A区,100455356,07:30,22:00,100455356.txt
100499938,4F-A210,四层A区,100455356,07:30,22:00,100455356.txt
100499939,4F-A211,四层A区,100455356,07:30,22:00,100455356.txt
100499940,4F-A212,四层A区,100455356,07:30,22:00,100455356.txt
100499941,4F-A213,四层A区,100455356,07:30,22:00,100455356.txt
100499942,4F-A214,四层A区,100455356,07:30,22:00,100455356.txt
100499943,4F-A215,四层A区,100455356,07:30,22:00,100455356.txt
100499944,4F-A216,四层A区,100455356,07:30,22:00,100455356.txt
100499945,4F-A217,四层A区,100455356,07:30,22:00,100455356.txt
100499946,4F-A218,四层A区,100455356,07:30,22:00,100455356.txt
100499947,4F-A219,四层A区,100455356,07:30,22:00,100455356.txt
100499948,4F-A220,四层A区,100455356,07:30,22:00,100455356.txt
100499949,4F-A221,四层A区,100455356,07:30,22:00,100455356.txt
100499950,4F-A222,四层A区,100455356,07:30,22:00,100455356.txt
100499951,4F-A223,四层A区,100455356,07:30,22:00,100455356.txt
100499952,4F-A224,四层A区,100455356,07:30,22:00,100455356.txt
100499953,4F-A225,四层A区,100455356,07:30,22:00,100455356.txt
100499954,4F-A226,四层A区,100455356,07:30,22:00,100455356.txt
100499955,4F-A227,四层A区,100455356,07:30,22:00,100455356.txt
100499956,4F-A228,四层A区,100455356,07:30,22:00,100455356.txt
100499957,4F-A229,四层A区,100455356,07:30,22:00,100455356.txt
100499958,4F-A230,四层A区,100455356,07:30,22:00,100455356.txt
100499959,4F-A231,四层A区,100455356,07:30,22:00,100455356.txt
100499960,4F-A232,四层A区,100455356,07:30,22:00,100455356.txt
100499961,4F-A233,四层A区,100455356,07:30,22:00,100455356.txt
100499962,4F-A234,四层A区,100455356,07:30,22:00,100455356.txt
100499963,4F-A235,四层A区,100455356,07:30,22:00,100455356.txt
100499964,4F-A236,四层A区,100455356,07:30,22:00,100455356.txt
100499965,4F-A237,四层A区,100455356,07:30,22:00,100455356.txt
100499966,4F-A238,四层A区,100455356,07:30,22:00,100455356.txt
100499967,4F-A239,四层A区,100455356,07:30,22:00,100455356.txt
100499968,4F-A240,四层A区,100455356,07:30,22:00,100455356.txt
100499969,4F-A241,四层A区,100455356,07:30,22:00,100455356.txt
100499970,4F-A242,四层A区,100455356,07:30,22:00,100455356.txt
100499971,4F-A243,四层A区,100455356,07:30,22:00,100455356.txt
100499972,4F-A244,四层A区,100455356,07:30,22:00,100455356.txt
100499973,4F-A245,四层A区,100455356,07:30,22:00,100455356.txt
100499974,4F-A246,四层A区,100455356,07:30,22:00,100455356.txt
100499975,4F-A247,四层A区,100455356,07:30,22:00,100455356.txt
100499976,4F-A248,四层A区,100455356,07:30,22:00,100455356.txt
100499977,4F-A249,四层A区,100455356,07:30,22:00,100455356.txt
100499978,4F-A250,四层A区,100455356,07:30,22:00,100455356.txt
100499979,4F-A251,四层A区,100455356,07:30,22:00,100455356.txt
100499980,4F-A252,四层A区,100455356,07:30,22:00,100455356.txt
100499981,4F-A253,四层A区,100455356,07:30,22:00,100455356.txt
100499982,4F-A254,四层A区,100455356,07:30,22:00,100455356.txt
100499983,4F-A255,四层A区,100455356,07:30,22:00,100455356.txt
100499984,4F-A256,四层A区,100455356,07:30,22:00,100455356.txt
100499985,4F-A257,四层A区,100455356,07:30,22:00,100455356.txt
100499986,4F-A258,四层A区,100455356,07:30,22:00,100455356.txt
100499987,4F-A259,四层A区,100455356,07:30,22:00,100455356.txt
100499988,4F-A260,四层A区,100455356,07:30,22:00,100455356.txt
100499989,4F-A261,四层A区,100455356,07:30,22:00,100455356.txt
100499990,4F-A262,四层A区,100455356,07:30,22:00,100455356.txt
100499991,4F-A263,四层A区,100455356,07:30,22:00,100455356.txt
100499992,4F-A264,四层A区,100455356,07:30,22:00,100455356.txt
100499993,4F-A265,四层A区,100455356,07:30,22:00,100455356.txt
100499994,4F-A266,四层A区,100455356,07:30,22:00,100455356.txt
100499995,4F-A267,四层A区,100455356,07:30,22:00,100455356.txt
100499996,4F-A268,四层A区,100455356,07:30,22:00,100455356.txt
100499997,4F-A269,四层A区,100455356,07:30,22:00,100455356.txt
100499998,4F-A270,四层A区,100455356,07:30,22:00,100455356.txt
100499999,4F-A271,四层A区,100455356,07:30,22:00,100455356.txt
100500000,4F-A272,四层A区,100455356,07:30,22:00,100455356.txt
100500001,4F-A273,四层A区,100455356,07:30,22:00,100455356.txt
100500002,4F-A274,四层A区,100455356,07:30,22:00,100455356.txt
100500003,4F-A275,四层A区,100455356,07:30,22:00,100455356.txt
100500004,4F-A276,四层A区,100455356,07:30,22:00,100455356.txt
100500005,4F-A277,四层A区,100455356,07:30,22:00,100455356.txt
100500006,4F-A278,四层A区,100455356,07:30,22:00,100455356.txt
100500007,4F-A279,四层A区,100455356,07:30,22:00,100455356.txt
100500008,4F-A280,四层A区,100455356,07:30,22:00,100455356.txt
100500009,4F-A281,四层A区,100455356,07:30,22:00,100455356.txt
100500010,4F-A282,四层A区,100455356,07:30,22:00,100455356.txt
100500011,4F-A283,四层A区,100455356,07:30,22:00,100455356.txt
100500012,4F-A284,四层A区,100455356,07:30,22:00,100455356.txt
100500013,4F-A285,四层A区,100455356,07:30,22:00,100455356.txt
100500014,4F-A286,四层A区,100455356,07:30,22:00,100455356.txt
100500015,4F-A287,四层A区,100455356,07:30,22:00,100455356.txt
100500016,4F-A288,四层A区,100455356,07:30,22:00,100455356.txt
100500017,4F-A289,四层A区,100455356,07:30,22:00,100455356.txt
100500018,4F-A290,四层A区,100455356,07:30,22:00,100455356.txt
100500019,4F-A291,四层A区,100455356,07:30,22:00,100455356.txt
100500020,4F-A292,四层A区,100455356,07:30,22:00,100455356.txt
100500021,4F-A293,四层A区,100455356,07:30,22:00,100455356.txt
100500022,4F-A294,四层A区,100455356,07:30,22:00,100455356.txt
100500023,4F-A295,四层A区,100455356,07:30,22:00,100455356.txt
100500024,4F-A296,四层A区,100455356,07:30,22:00,100455356.txt
100500025,4F-A297,四层A区,100455356,07:30,22:00,100455356.txt
100500026,4F-A298,四层A区,100455356,07:30,22:00,100455356.txt
100500027,4F-A299,四层A区,100455356,07:30,22:00,100455356.txt
100500028,4F-A300,四层A区,100455356,07:30,22:00,100455356.txt
100500029,4F-A301,四层A区,100455356,07:30,22:00,100455356.txt
100500030,4F-A302,四层A区,100455356,07:30,22:00,100455356.txt
100500031,4F-A303,四层A区,100455356,07:30,22:00,100455356.txt
100500032,4F-A304,四层A区,100455356,07:30,22:00,100455356.txt
100500033,4F-A305,四层A区,100455356,07:30,22:00,100455356.txt
100500034,4F-A306,四层A区,100455356,07:30,22:00,100455356.txt
100500035,4F-A307,四层A区,100455356,07:30,22:00,100455356.txt
100500036,4F-A308,四层A区,100455356,07:30,22:00,100455356.txt
100500037,4F-A309,四层A区,100455356,07:30,22:00,100455356.txt
100500038,4F-A310,四层A区,100455356,07:30,22:00,100455356.txt
100500039,4F-A311,四层A区,100455356,07:30,22:00,100455356.txt
100500040,4F-A312,四层A区,100455356,07:30,22:00,100455356.txt
100500041,4F-A313,四层A区,100455356,07:30,22:00,100455356.txt
100500042,4F-A314,四层A区,100455356,07:30,22:00,100455356.txt
100500043,4F-A315,四层A区,100455356,07:30,22:00,100455356.txt
100500044,4F-A316,四层A区,100455356,07:30,22:00,100455356.txt
100500045,4F-A317,四层A区,100455356,07:30,22:00,100455356.txt
100500046,4F-A318,四层A区,100455356,07:30,22:00,100455356.txt
100500047,4F-A319,四层A区,100455356,07:30,22:00,100455356.txt
100500048,4F-A320,四层A区,100455356,07:30,22:00,100455356.txt
100500049,4F-A321,四层A区,100455356,07:30,22:00,100455356.txt
100500050,4F-A322,四层A区,100455356,07:30,22:00,100455356.txt
100500051,4F-A323,四层A区,100455356,07:30,22:00,100455356.txt
100500052,4F-A324,四层A区,100455356,07:30,22:00,100455356.txt
100500053,4F-A325,四层A区,100455356,07:30,22:00,100455356.txt
100500054,4F-A326,四层A区,100455356,07:30,22:00,100455356.txt
100500055,4F-A327,四层A区,100455356,07:30,22:00,100455356.txt
100500056,4F-A328,四层A区,100455356,07:30,22:00,100455356.txt
100500057,4F-A329,四层A区,100455356,07:30,22:00,100455356.txt
100500058,4F-A330,四层A区,100455356,07:30,22:00,100455356.txt
100500059,4F-A331,四层A区,100455356,07:30,22:00,100455356.txt
100500060,4F-A332,四层A区,100455356,07:30,22:00,100455356.txt
100500061,4F-A333,四层A区,100455356,07:30,22:00,100455356.txt
100500062,4F-A334,四层A区,100455356,07:30,22:00,100455356.txt
100500063,4F-A335,四层A区,100455356,07:30,22:00,100455356.txt
100500064,4F-A336,四层A区,100455356,07:30,22:00,100455356.txt
100500065,4F-A337,四层A区,100455356,07:30,22:00,100455356.txt
100500066,4F-A338,四层A区,100455356,07:30,22:00,100455356.txt
100500067,4F-A339,四层A区,100455356,07:30,22:00,100455356.txt
100500068,4F-A340,四层A区,100455356,07:30,22:00,100455356.txt
100500069,4F-A341,四层A区,100455356,07:30,22:00,100455356.txt
100500070,4F-A342,四层A区,100455356,07:30,22:00,100455356.txt
100500071,4F-A343,四层A区,100455356,07:30,22:00,100455356.txt
100500072,4F-A344,四层A区,100455356,07:30,22:00,100455356.txt
100500073,4F-A345,四层A区,100455356,07:30,22:00,100455356.txt
100500074,4F-A346,四层A区,100455356,07:30,22:00,100455356.txt
100500075,4F-A347,四层A区,100455356,07:30,22:00,100455356.txt
100500076,4F-A348,四层A区,100455356,07:30,22:00,100455356.txt
100500077,4F-A349,四层A区,100455356,07:30,22:00,100455356.txt
100500078,4F-A350,四层A区,100455356,07:30,22:00,100455356.txt
100500079,4F-A351,四层A区,100455356,07:30,22:00,100455356.txt
100500080,4F-A352,四层A区,100455356,07:30,22:00,100455356.txt
100500081,4F-A353,四层A区,100455356,07:30,22:00,100455356.txt
100500082,4F-A354,四层A区,100455356,07:30,22:00,100455356.txt
100500083,4F-A355,四层A区,100455356,07:30,22:00,100455356.txt
100500084,4F-A356,四层A区,100455356,07:30,22:00,100455356.txt
100500085,4F-A357,四层A区,100455356,07:30,22:00,100455356.txt
100500086,4F-A358,四层A区,100455356,07:30,22:00,100455356.txt
100500087,4F-A359,四层A区,100455356,07:30,22:00,100455356.txt
100500088,4F-A360,四层A区,100455356,07:30,22:00,100455356.txt
100500089,4F-A361,四层A区,100455356,07:30,22:00,100455356.txt
100500090,4F-A362,四层A区,100455356,07:30,22:00,100455356.txt
100500091,4F-A363,四层A区,100455356,07:30,22:00,100455356.txt
100500092,4F-A364,四层A区,100455356,07:30,22:00,100455356.txt
100500093,4F-A365,四层A区,100455356,07:30,22:00,100455356.txt
100500094,4F-A366,四层A区,100455356,07:30,22:00,100455356.txt
100500095,4F-A367,四层A区,100455356,07:30,22:00,100455356.txt
100500096,4F-A368,四层A区,100455356,07:30,22:00,100455356.txt
100500097,4F-A369,四层A区,100455356,07:30,22:00,100455356.txt
100500098,4F-A370,四层A区,100455356,07:30,22:00,100455356.txt
100500099,4F-A371,四层A区,100455356,07:30,22:00,100455356.txt
100500100,4F-A372,四层A区,100455356,07:30,22:00,100455356.txt
100500101,4F-A373,四层A区,100455356,07:30,22:00,100455356.txt
100500102,4F-A374,四层A区,100455356,07:30,22:00,100455356.txt
100500103,4F-A375,四层A区,100455356,07:30,22:00,100455356.txt
100500104,4F-A376,四层A区,100455356,07:30,22:00,100455356.txt
100500105,4F-A377,四层A区,100455356,07:30,22:00,100455356.txt
100500106,4F-A378,四层A区,100455356,07:30,22:00,100455356.txt
100500107,4F-A379,四层A区,100455356,07:30,22:00,100455356.txt
100500108,4F-A380,四层A区,100455356,07:30,22:00,100455356.txt
100500109,4F-A381,四层A区,100455356,07:30,22:00,100455356.txt
100500110,4F-A382,四层A区,100455356,07:30,22:00,100455356.txt
100500111,4F-A383,四层A区,100455356,07:30,22:00,100455356.txt
100500112,4F-A384,四层A区,100455356,07:30,22:00,100455356.txt
100500113,4F-A385,四层A区,100455356,07:30,22:00,100455356.txt
100500114,4F-A386,四层A区,100455356,07:30,22:00,100455356.txt
100500115,4F-A387,四层A区,100455356,07:30,22:00,100455356.txt
100500116,4F-A388,四层A区,100455356,07:30,22:00,100455356.txt
100500117,4F-A389,四层A区,100455356,07:30,22:00,100455356.txt
100500118,4F-A390,四层A区,100455356,07:30,22:00,100455356.txt
100500119,4F-A391,四层A区,100455356,07:30,22:00,100455356.txt
100500120,4F-A392,四层A区,100455356,07:30,22:00,100455356.txt
100500121,4F-A393,四层A区,100455356,07:30,22:00,100455356.txt
100500122,4F-A394,四层A区,100455356,07:30,22:00,100455356.txt
100500123,4F-A395,四层A区,100455356,07:30,22:00,100455356.txt
100500124,4F-A396,四层A区,100455356,07:30,22:00,100455356.txt
100500125,4F-A397,四层A区,100455356,07:30,22:00,100455356.txt
100500126,4F-A398,四层A区,100455356,07:30,22:00,100455356.txt
100500127,4F-A399,四层A区,100455356,07:30,22:00,100455356.txt
100500128,4F-A400,四层A区,100455356,07:30,22:00,100455356.txt
100500129,4F-A401,四层A区,100455356,07:30,22:00,100455356.txt
100500130,4F-A402,四层A区,100455356,07:30,22:00,100455356.txt
100500131,4F-A403,四层A区,100455356,07:30,22:00,100455356.txt
100500132,4F-A404,四层A区,100455356,07:30,22:00,100455356.txt
100500133,4F-A405,四层A区,100455356,07:30,22:00,100455356.txt
100500134,4F-A406,四层A区,100455356,07:30,22:00,100455356.txt
100500135,4F-A407,四层A区,100455356,07:30,22:00,100455356.txt
100500136,4F-A408,四层A区,100455356,07:30,22:00,100455356.txt
100500137,4F-A409,四层A区,100455356,07:30,22:00,100455356.txt
100500138,4F-A410,四层A区,100455356,07:30,22:00,100455356.txt
100500139,4F-A411,四层A区,100455356,07:30,22:00,100455356.txt
100500140,4F-A412,四层A区,100455356,07:30,22:00,100455356.txt
100500141,4F-A413,四层A区,100455356,07:30,22:00,100455356.txt
100500142,4F-A414,四层A区,100455356,07:30,22:00,100455356.txt
100500143,4F-A415,四层A区,100455356,07:30,22:00,100455356.txt
100500144,4F-A416,四层A区,100455356,07:30,22:00,100455356.txt
100500145,4F-A417,四层A区,100455356,07:30,22:00,100455356.txt
100500146,4F-A418,四层A区,100455356,07:30,22:00,100455356.txt
100500147,4F-A419,四层A区,100455356,07:30,22:00,100455356.txt
100500148,4F-A420,四层A区,100455356,07:30,22:00,100455356.txt
100500149,4F-A421,四层A区,100455356,07:30,22:00,100455356.txt
100500150,4F-A422,四层A区,100455356,07:30,22:00,100455356.txt
100500151,4F-A423,四层A区,100455356,07:30,22:00,100455356.txt
100500152,4F-A424,四层A区,100455356,07:30,22:00,100455356.txt
100500153,4F-A425,四层A区,100455356,07:30,22:00,100455356.txt
100500154,4F-A426,四层A区,100455356,07:30,22:00,100455356.txt
100500155,4F-A427,四层A区,100455356,07:30,22:00,100455356.txt
100500156,4F-A428,四层A区,100455356,07:30,22:00,100455356.txt
100500173,5F-A001,五层A区,100455358,07:30,22:00,100455358.txt
100500174,5F-A002,五层A区,100455358,07:30,22:00,100455358.txt
100500175,5F-A003,五层A区,100455358,07:30,22:00,100455358.txt
100500176,5F-A004,五层A区,100455358,07:30,22:00,100455358.txt
100500177,5F-A005,五层A区,100455358,07:30,22:00,100455358.txt
100500178,5F-A006,五层A区,100455358,07:30,22:00,100455358.txt
100500179,5F-A007,五层A区,100455358,07:30,22:00,100455358.txt
100500180,5F-A008,五层A区,100455358,07:30,22:00,100455358.txt
100500181,5F-A009,五层A区,100455358,07:30,22:00,100455358.txt
100500182,5F-A010,五层A区,100455358,07:30,22:00,100455358.txt
100500183,5F-A011,五层A区,100455358,07:30,22:00,100455358.txt
100500184,5F-A012,五层A区,100455358,07:30,22:00,100455358.txt
100500185,5F-A013,五层A区,100455358,07:30,22:00,100455358.txt
100500186,5F-A014,五层A区,100455358,07:30,22:00,100455358.txt
100500187,5F-A015,五层A区,100455358,07:30,22:00,100455358.txt
100500188,5F-A016,五层A区,100455358,07:30,22:00,100455358.txt
100500189,5F-A017,五层A区,100455358,07:30,22:00,100455358.txt
100500190,5F-A018,五层A区,100455358,07:30,22:00,100455358.txt
100500191,5F-A019,五层A区,100455358,07:30,22:00,100455358.txt
100500192,5F-A020,五层A区,100455358,07:30,22:00,100455358.txt
100500193,5F-A021,五层A区,100455358,07:30,22:00,100455358.txt
100500194,5F-A022,五层A区,100455358,07:30,22:00,100455358.txt
100500195,5F-A023,五层A区,100455358,07:30,22:00,100455358.txt
100500196,5F-A024,五层A区,100455358,07:30,22:00,100455358.txt
100500197,5F-A025,五层A区,100455358,07:30,22:00,100455358.txt
100500198,5F-A026,五层A区,100455358,07:30,22:00,100455358.txt
100500199,5F-A027,五层A区,100455358,07:30,22:00,100455358.txt
100500200,5F-A028,五层A区,100455358,07:30,22:00,100455358.txt
100500201,5F-A029,五层A区,100455358,07:30,22:00,100455358.txt
100500202,5F-A030,五层A区,100455358,07:30,22:00,100455358.txt
100500203,5F-A031,五层A区,100455358,07:30,22:00,100455358.txt
100500204,5F-A032,五层A区,100455358,07:30,22:00,100455358.txt
100500205,5F-A033,五层A区,100455358,07:30,22:00,100455358.txt
100500206,5F-A034,五层A区,100455358,07:30,22:00,100455358.txt
100500207,5F-A035,五层A区,100455358,07:30,22:00,100455358.txt
100500208,5F-A036,五层A区,100455358,07:30,22:00,100455358.txt
100500209,5F-A037,五层A区,100455358,07:30,22:00,100455358.txt
100500210,5F-A038,五层A区,100455358,07:30,22:00,100455358.txt
100500211,5F-A039,五层A区,100455358,07:30,22:00,100455358.txt
100500212,5F-A040,五层A区,100455358,07:30,22:00,100455358.txt
100500213,5F-A041,五层A区,100455358,07:30,22:00,100455358.txt
100500214,5F-A042,五层A区,100455358,07:30,22:00,100455358.txt
100500215,5F-A043,五层A区,100455358,07:30,22:00,100455358.txt
100500216,5F-A044,五层A区,100455358,07:30,22:00,100455358.txt
100500217,5F-A045,五层A区,100455358,07:30,22:00,100455358.txt
100500218,5F-A046,五层A区,100455358,07:30,22:00,100455358.txt
100500219,5F-A047,五层A区,100455358,07:30,22:00,100455358.txt
100500220,5F-A048,五层A区,100455358,07:30,22:00,100455358.txt
100500221,5F-A049,五层A区,100455358,07:30,22:00,100455358.txt
100500222,5F-A050,五层A区,100455358,07:30,22:00,100455358.txt
100500223,5F-A051,五层A区,100455358,07:30,22:00,100455358.txt
100500224,5F-A052,五层A区,100455358,07:30,22:00,100455358.txt
100500225,5F-A053,五层A区,100455358,07:30,22:00,100455358.txt
100500226,5F-A054,五层A区,100455358,07:30,22:00,100455358.txt
100500227,5F-A055,五层A区,100455358,07:30,22:00,100455358.txt
100500228,5F-A056,五层A区,100455358,07:30,22:00,100455358.txt
100500229,5F-A057,五层A区,100455358,07:30,22:00,100455358.txt
100500230,5F-A058,五层A区,100455358,07:30,22:00,100455358.txt
100500231,5F-A059,五层A区,100455358,07:30,22:00,100455358.txt
100500232,5F-A060,五层A区,100455358,07:30,22:00,100455358.txt
100500233,5F-A061,五层A区,100455358,07:30,22:00,100455358.txt
100500234,5F-A062,五层A区,100455358,07:30,22:00,100455358.txt
100500235,5F-A063,五层A区,100455358,07:30,22:00,100455358.txt
100500236,5F-A064,五层A区,100455358,07:30,22:00,100455358.txt
100500237,5F-A065,五层A区,100455358,07:30,22:00,100455358.txt
100500238,5F-A066,五层A区,100455358,07:30,22:00,100455358.txt
100500239,5F-A067,五层A区,100455358,07:30,22:00,100455358.txt
100500240,5F-A068,五层A区,100455358,07:30,22:00,100455358.txt
100500241,5F-A069,五层A区,100455358,07:30,22:00,100455358.txt
100500242,5F-A070,五层A区,100455358,07:30,22:00,100455358.txt
100500243,5F-A071,五层A区,100455358,07:30,22:00,100455358.txt
100500244,5F-A072,五层A区,100455358,07:30,22:00,100455358.txt
100500245,5F-A073,五层A区,100455358,07:30,22:00,100455358.txt
100500246,5F-A074,五层A区,100455358,07:30,22:00,100455358.txt
100500247,5F-A075,五层A区,100455358,07:30,22:00,100455358.txt
100500248,5F-A076,五层A区,100455358,07:30,22:00,100455358.txt
100500249,5F-A077,五层A区,100455358,07:30,22:00,100455358.txt
100500250,5F-A078,五层A区,100455358,07:30,22:00,100455358.txt
100500251,5F-A079,五层A区,100455358,07:30,22:00,100455358.txt
100500252,5F-A080,五层A区,100455358,07:30,22:00,100455358.txt
100500253,5F-A081,五层A区,100455358,07:30,22:00,100455358.txt
100500254,5F-A082,五层A区,100455358,07:30,22:00,100455358.txt
100500255,5F-A083,五层A区,100455358,07:30,22:00,100455358.txt
100500256,5F-A084,五层A区,100455358,07:30,22:00,100455358.txt
100500257,5F-A085,五层A区,100455358,07:30,22:00,100455358.txt
100500258,5F-A086,五层A区,100455358,07:30,22:00,100455358.txt
100500259,5F-A087,五层A区,100455358,07:30,22:00,100455358.txt
100500260,5F-A088,五层A区,100455358,07:30,22:00,100455358.txt
100500261,5F-A089,五层A区,100455358,07:30,22:00,100455358.txt
100500262,5F-A090,五层A区,100455358,07:30,22:00,100455358.txt
100500263,5F-A091,五层A区,100455358,07:30,22:00,100455358.txt
100500264,5F-A092,五层A区,100455358,07:30,22:00,100455358.txt
100500265,5F-A093,五层A区,100455358,07:30,22:00,100455358.txt
100500266,5F-A094,五层A区,100455358,07:30,22:00,100455358.txt
100500267,5F-A095,五层A区,100455358,07:30,22:00,100455358.txt
100500268,5F-A096,五层A区,100455358,07:30,22:00,100455358.txt
100500269,5F-A097,五层A区,100455358,07:30,22:00,100455358.txt
100500270,5F-A098,五层A区,100455358,07:30,22:00,100455358.txt
100500271,5F-A099,五层A区,100455358,07:30,22:00,100455358.txt
100500272,5F-A100,五层A区,100455358,07:30,22:00,100455358.txt
100500273,5F-A101,五层A区,100455358,07:30,22:00,100455358.txt
100500274,5F-A102,五层A区,100455358,07:30,22:00,100455358.txt
100500275,5F-A103,五层A区,100455358,07:30,22:00,100455358.txt
100500276,5F-A104,五层A区,100455358,07:30,22:00,100455358.txt
100500277,5F-A105,五层A区,100455358,07:30,22:00,100455358.txt
100500278,5F-A106,五层A区,100455358,07:30,22:00,100455358.txt
100500279,5F-A107,五层A区,100455358,07:30,22:00,100455358.txt
100500280,5F-A108,五层A区,100455358,07:30,22:00,100455358.txt
100500281,5F-A109,五层A区,100455358,07:30,22:00,100455358.txt
100500282,5F-A110,五层A区,100455358,07:30,22:00,100455358.txt
100500283,5F-A111,五层A区,100455358,07:30,22:00,100455358.txt
100500284,5F-A112,五层A区,100455358,07:30,22:00,100455358.txt
100500285,5F-A113,五层A区,100455358,07:30,22:00,100455358.txt
100500286,5F-A114,五层A区,100455358,07:30,22:00,100455358.txt
100500287,5F-A115,五层A区,100455358,07:30,22:00,100455358.txt
100500288,5F-A116,五层A区,100455358,07:30,22:00,100455358.txt
100500289,5F-A117,五层A区,100455358,07:30,22:00,100455358.txt
100500290,5F-A118,五层A区,100455358,07:30,22:00,100455358.txt
100500291,5F-A119,五层A区,100455358,07:30,22:00,100455358.txt
100500292,5F-A120,五层A区,100455358,07:30,22:00,100455358.txt
100500293,5F-A121,五层A区,100455358,07:30,22:00,100455358.txt
100500294,5F-A122,五层A区,100455358,07:30,22:00,100455358.txt
100500295,5F-A123,五层A区,100455358,07:30,22:00,100455358.txt
100500296,5F-A124,五层A区,100455358,07:30,22:00,100455358.txt
100500297,5F-A125,五层A区,100455358,07:30,22:00,100455358.txt
100500298,5F-A126,五层A区,100455358,07:30,22:00,100455358.txt
100500299,5F-A127,五层A区,100455358,07:30,22:00,100455358.txt
100500300,5F-A128,五层A区,100455358,07:30,22:00,100455358.txt
100500301,5F-A129,五层A区,100455358,07:30,22:00,100455358.txt
100500302,5F-A130,五层A区,100455358,07:30,22:00,100455358.txt
100500303,5F-A131,五层A区,100455358,07:30,22:00,100455358.txt
100500304,5F-A132,五层A区,100455358,07:30,22:00,100455358.txt
100500305,5F-A133,五层A区,100455358,07:30,22:00,100455358.txt
100500306,5F-A134,五层A区,100455358,07:30,22:00,100455358.txt
100500307,5F-A135,五层A区,100455358,07:30,22:00,100455358.txt
100500308,5F-A136,五层A区,100455358,07:30,22:00,100455358.txt
100500309,5F-A137,五层A区,100455358,07:30,22:00,100455358.txt
100500310,5F-A138,五层A区,100455358,07:30,22:00,100455358.txt
100500311,5F-A139,五层A区,100455358,07:30,22:00,100455358.txt
100500312,5F-A140,五层A区,100455358,07:30,22:00,100455358.txt
100500313,5F-A141,五层A区,100455358,07:30,22:00,100455358.txt
100500314,5F-A142,五层A区,100455358,07:30,22:00,100455358.txt
100500315,5F-A143,五层A区,100455358,07:30,22:00,100455358.txt
100500316,5F-A144,五层A区,100455358,07:30,22:00,100455358.txt
100500317,5F-A145,五层A区,100455358,07:30,22:00,100455358.txt
100500318,5F-A146,五层A区,100455358,07:30,22:00,100455358.txt
100500319,5F-A147,五层A区,100455358,07:30,22:00,100455358.txt
100500320,5F-A148,五层A区,100455358,07:30,22:00,100455358.txt
100500321,5F-A149,五层A区,100455358,07:30,22:00,100455358.txt
100500322,5F-A150,五层A区,100455358,07:30,22:00,100455358.txt
100500323,5F-A151,五层A区,100455358,07:30,22:00,100455358.txt
100500324,5F-A152,五层A区,100455358,07:30,22:00,100455358.txt
100500325,5F-A153,五层A区,100455358,07:30,22:00,100455358.txt
100500326,5F-A154,五层A区,100455358,07:30,22:00,100455358.txt
100500327,5F-A155,五层A区,100455358,07:30,22:00,100455358.txt
100500328,5F-A156,五层A区,100455358,07:30,22:00,100455358.txt
100500329,5F-A157,五层A区,100455358,07:30,22:00,100455358.txt
100500330,5F-A158,五层A区,100455358,07:30,22:00,100455358.txt
100500331,5F-A159,五层A区,100455358,07:30,22:00,100455358.txt
100500332,5F-A160,五层A区,100455358,07:30,22:00,100455358.txt
100500333,5F-A161,五层A区,100455358,07:30,22:00,100455358.txt
100500334,5F-A162,五层A区,100455358,07:30,22:00,100455358.txt
100500335,5F-A163,五层A区,100455358,07:30,22:00,100455358.txt
100500336,5F-A164,五层A区,100455358,07:30,22:00,100455358.txt
100500337,5F-A165,五层A区,100455358,07:30,22:00,100455358.txt
100500338,5F-A166,五层A区,100455358,07:30,22:00,100455358.txt
100500339,5F-A167,五层A区,100455358,07:30,22:00,100455358.txt
100500340,5F-A168,五层A区,100455358,07:30,22:00,100455358.txt
100500341,5F-A169,五层A区,100455358,07:30,22:00,100455358.txt
100500342,5F-A170,五层A区,100455358,07:30,22:00,100455358.txt
100500343,5F-A171,五层A区,100455358,07:30,22:00,100455358.txt
100500344,5F-A172,五层A区,100455358,07:30,22:00,100455358.txt
100500345,5F-A173,五层A区,100455358,07:30,22:00,100455358.txt
100500346,5F-A174,五层A区,100455358,07:30,22:00,100455358.txt
100500347,5F-A175,五层A区,100455358,07:30,22:00,100455358.txt
100500348,5F-A176,五层A区,100455358,07:30,22:00,100455358.txt
100500349,5F-A177,五层A区,100455358,07:30,22:00,100455358.txt
100500350,5F-A178,五层A区,100455358,07:30,22:00,100455358.txt
100500351,5F-A179,五层A区,100455358,07:30,22:00,100455358.txt
100500352,5F-A180,五层A区,100455358,07:30,22:00,100455358.txt
100500353,5F-A181,五层A区,100455358,07:30,22:00,100455358.txt
100500354,5F-A182,五层A区,100455358,07:30,22:00,100455358.txt
100500355,5F-A183,五层A区,100455358,07:30,22:00,100455358.txt
100500356,5F-A184,五层A区,100455358,07:30,22:00,100455358.txt
100500357,5F-A185,五层A区,100455358,07:30,22:00,100455358.txt
100500358,5F-A186,五层A区,100455358,07:30,22:00,100455358.txt
100500359,5F-A187,五层A区,100455358,07:30,22:00,100455358.txt
100500360,5F-A188,五层A区,100455358,07:30,22:00,100455358.txt
100500361,5F-A189,五层A区,100455358,07:30,22:00,100455358.txt
100500362,5F-A190,五层A区,100455358,07:30,22:00,100455358.txt
100500363,5F-A191,五层A区,100455358,07:30,22:00,100455358.txt
100500364,5F-A192,五层A区,100455358,07:30,22:00,100455358.txt
100500365,5F-A193,五层A区,100455358,07:30,22:00,100455358.txt
100500366,5F-A194,五层A区,100455358,07:30,22:00,100455358.txt
100500367,5F-A195,五层A区,100455358,07:30,22:00,100455358.txt
100500368,5F-A196,五层A区,100455358,07:30,22:00,100455358.txt
100500369,5F-A197,五层A区,100455358,07:30,22:00,100455358.txt
100500370,5F-A198,五层A区,100455358,07:30,22:00,100455358.txt
100500371,5F-A199,五层A区,100455358,07:30,22:00,100455358.txt
100500372,5F-A200,五层A区,100455358,07:30,22:00,100455358.txt
100500373,5F-A201,五层A区,100455358,07:30,22:00,100455358.txt
100500374,5F-A202,五层A区,100455358,07:30,22:00,100455358.txt
100500375,5F-A203,五层A区,100455358,07:30,22:00,100455358.txt
100500376,5F-A204,五层A区,100455358,07:30,22:00,100455358.txt
100500377,5F-A205,五层A区,100455358,07:30,22:00,100455358.txt
100500378,5F-A206,五层A区,100455358,07:30,22:00,100455358.txt
100500379,5F-A207,五层A区,100455358,07:30,22:00,100455358.txt
100500380,5F-A208,五层A区,100455358,07:30,22:00,100455358.txt
100500381,5F-A209,五层A区,100455358,07:30,22:00,100455358.txt
100500382,5F-A210,五层A区,100455358,07:30,22:00,100455358.txt
100500383,5F-A211,五层A区,100455358,07:30,22:00,100455358.txt
100500384,5F-A212,五层A区,100455358,07:30,22:00,100455358.txt
100500385,5F-A213,五层A区,100455358,07:30,22:00,100455358.txt
100500386,5F-A214,五层A区,100455358,07:30,22:00,100455358.txt
100500387,5F-A215,五层A区,100455358,07:30,22:00,100455358.txt
100500388,5F-A216,五层A区,100455358,07:30,22:00,100455358.txt
100500389,5F-A217,五层A区,100455358,07:30,22:00,100455358.txt
100500390,5F-A218,五层A区,100455358,07:30,22:00,100455358.txt
100500391,5F-A219,五层A区,100455358,07:30,22:00,100455358.txt
100500392,5F-A220,五层A区,100455358,07:30,22:00,100455358.txt
100500393,5F-A221,五层A区,100455358,07:30,22:00,100455358.txt
100500394,5F-A222,五层A区,100455358,07:30,22:00,100455358.txt
100500395,5F-A223,五层A区,100455358,07:30,22:00,100455358.txt
100500396,5F-A224,五层A区,100455358,07:30,22:00,100455358.txt
100500397,5F-A225,五层A区,100455358,07:30,22:00,100455358.txt
100500398,5F-A226,五层A区,100455358,07:30,22:00,100455358.txt
100500399,5F-A227,五层A区,100455358,07:30,22:00,100455358.txt
100500400,5F-A228,五层A区,100455358,07:30,22:00,100455358.txt
100500401,5F-A229,五层A区,100455358,07:30,22:00,100455358.txt
100500402,5F-A230,五层A区,100455358,07:30,22:00,100455358.txt
100500403,5F-A231,五层A区,100455358,07:30,22:00,100455358.txt
100500404,5F-A232,五层A区,100455358,07:30,22:00,100455358.txt
100500405,5F-A233,五层A区,100455358,07:30,22:00,100455358.txt
100500406,5F-A234,五层A区,100455358,07:30,22:00,100455358.txt
100500407,5F-A235,五层A区,100455358,07:30,22:00,100455358.txt
100500408,5F-A236,五层A区,100455358,07:30,22:00,100455358.txt
100500409,5F-A237,五层A区,100455358,07:30,22:00,100455358.txt
100500410,5F-A238,五层A区,100455358,07:30,22:00,100455358.txt
100500411,5F-A239,五层A区,100455358,07:30,22:00,100455358.txt
100500412,5F-A240,五层A区,100455358,07:30,22:00,100455358.txt
100500413,5F-A241,五层A区,100455358,07:30,22:00,100455358.txt
100500414,5F-A242,五层A区,100455358,07:30,22:00,100455358.txt
100500415,5F-A243,五层A区,100455358,07:30,22:00,100455358.txt
100500416,5F-A244,五层A区,100455358,07:30,22:00,100455358.txt
100500417,5F-A245,五层A区,100455358,07:30,22:00,100455358.txt
100500418,5F-A246,五层A区,100455358,07:30,22:00,100455358.txt
100500419,5F-A247,五层A区,100455358,07:30,22:00,100455358.txt
100500420,5F-A248,五层A区,100455358,07:30,22:00,100455358.txt
100500421,5F-A249,五层A区,100455358,07:30,22:00,100455358.txt
100500422,5F-A250,五层A区,100455358,07:30,22:00,100455358.txt
100500423,5F-A251,五层A区,100455358,07:30,22:00,100455358.txt
100500424,5F-A252,五层A区,100455358,07:30,22:00,100455358.txt
100500425,5F-A253,五层A区,100455358,07:30,22:00,100455358.txt
100500426,5F-A254,五层A区,100455358,07:30,22:00,100455358.txt
100500427,5F-A255,五层A区,100455358,07:30,22:00,100455358.txt
100500428,5F-A256,五层A区,100455358,07:30,22:00,100455358.txt
100500429,5F-A257,五层A区,100455358,07:30,22:00,100455358.txt
100500430,5F-A258,五层A区,100455358,07:30,22:00,100455358.txt
100500431,5F-A259,五层A区,100455358,07:30,22:00,100455358.txt
100500432,5F-A260,五层A区,100455358,07:30,22:00,100455358.txt
100500433,5F-A261,五层A区,100455358,07:30,22:00,100455358.txt
100500434,5F-A262,五层A区,100455358,07:30,22:00,100455358.txt
100500435,5F-A263,五层A区,100455358,07:30,22:00,100455358.txt
100500436,5F-A264,五层A区,100455358,07:30,22:00,100455358.txt
100500437,5F-A265,五层A区,100455358,07:30,22:00,100455358.txt
100500438,5F-A266,五层A区,100455358,07:30,22:00,100455358.txt
100500439,5F-A267,五层A区,100455358,07:30,22:00,100455358.txt
100500440,5F-A268,五层A区,100455358,07:30,22:00,100455358.txt
100500441,5F-A269,五层A区,100455358,07:30,22:00,100455358.txt
100500442,5F-A270,五层A区,100455358,07:30,22:00,100455358.txt
100500443,5F-A271,五层A区,100455358,07:30,22:00,100455358.txt
100500444,5F-A272,五层A区,100455358,07:30,22:00,100455358.txt
100500445,5F-A273,五层A区,100455358,07:30,22:00,100455358.txt
100500446,5F-A274,五层A区,100455358,07:30,22:00,100455358.txt
100500447,5F-A275,五层A区,100455358,07:30,22:00,100455358.txt
100500448,5F-A276,五层A区,100455358,07:30,22:00,100455358.txt
100500449,5F-A277,五层A区,100455358,07:30,22:00,100455358.txt
100500450,5F-A278,五层A区,100455358,07:30,22:00,100455358.txt
100500451,5F-A279,五层A区,100455358,07:30,22:00,100455358.txt
100500452,5F-A280,五层A区,100455358,07:30,22:00,100455358.txt
100500453,5F-A281,五层A区,100455358,07:30,22:00,100455358.txt
100500454,5F-A282,五层A区,100455358,07:30,22:00,100455358.txt
100500455,5F-A283,五层A区,100455358,07:30,22:00,100455358.txt
100500456,5F-A284,五层A区,100455358,07:30,22:00,100455358.txt
100500457,5F-A285,五层A区,100455358,07:30,22:00,100455358.txt
100500458,5F-A286,五层A区,100455358,07:30,22:00,100455358.txt
100500459,5F-A287,五层A区,100455358,07:30,22:00,100455358.txt
100500460,5F-A288,五层A区,100455358,07:30,22:00,100455358.txt
100500461,5F-A289,五层A区,100455358,07:30,22:00,100455358.txt
100500462,5F-A290,五层A区,100455358,07:30,22:00,100455358.txt
100500463,5F-A291,五层A区,100455358,07:30,22:00,100455358.txt
100500464,5F-A292,五层A区,100455358,07:30,22:00,100455358.txt
100500465,5F-A293,五层A区,100455358,07:30,22:00,100455358.txt
100500466,5F-A294,五层A区,100455358,07:30,22:00,100455358.txt
100500467,5F-A295,五层A区,100455358,07:30,22:00,100455358.txt
100500468,5F-A296,五层A区,100455358,07:30,22:00,100455358.txt
100500469,5F-A297,五层A区,100455358,07:30,22:00,100455358.txt
100500470,5F-A298,五层A区,100455358,07:30,22:00,100455358.txt
100500471,5F-A299,五层A区,100455358,07:30,22:00,100455358.txt
100500472,5F-A300,五层A区,100455358,07:30,22:00,100455358.txt
100500473,5F-A301,五层A区,100455358,07:30,22:00,100455358.txt
100500474,5F-A302,五层A区,100455358,07:30,22:00,100455358.txt
100500475,5F-A303,五层A区,100455358,07:30,22:00,100455358.txt
100500476,5F-A304,五层A区,100455358,07:30,22:00,100455358.txt
100500477,5F-A305,五层A区,100455358,07:30,22:00,100455358.txt
100500478,5F-A306,五层A区,100455358,07:30,22:00,100455358.txt
100500479,5F-A307,五层A区,100455358,07:30,22:00,100455358.txt
100500480,5F-A308,五层A区,100455358,07:30,22:00,100455358.txt
100500481,5F-A309,五层A区,100455358,07:30,22:00,100455358.txt
100500482,5F-A310,五层A区,100455358,07:30,22:00,100455358.txt
100500483,5F-A311,五层A区,100455358,07:30,22:00,100455358.txt
100500484,5F-A312,五层A区,100455358,07:30,22:00,100455358.txt
100500485,5F-A313,五层A区,100455358,07:30,22:00,100455358.txt
100500486,5F-A314,五层A区,100455358,07:30,22:00,100455358.txt
100500487,5F-A315,五层A区,100455358,07:30,22:00,100455358.txt
100500488,5F-A316,五层A区,100455358,07:30,22:00,100455358.txt
100500489,5F-A317,五层A区,100455358,07:30,22:00,100455358.txt
100500490,5F-A318,五层A区,100455358,07:30,22:00,100455358.txt
100500491,5F-A319,五层A区,100455358,07:30,22:00,100455358.txt
100500492,5F-A320,五层A区,100455358,07:30,22:00,100455358.txt
100500493,5F-A321,五层A区,100455358,07:30,22:00,100455358.txt
100500494,5F-A322,五层A区,100455358,07:30,22:00,100455358.txt
100500495,5F-A323,五层A区,100455358,07:30,22:00,100455358.txt
100500496,5F-A324,五层A区,100455358,07:30,22:00,100455358.txt
100500497,5F-A325,五层A区,100455358,07:30,22:00,100455358.txt
100500498,5F-A326,五层A区,100455358,07:30,22:00,100455358.txt
100500499,5F-A327,五层A区,100455358,07:30,22:00,100455358.txt
100500500,5F-A328,五层A区,100455358,07:30,22:00,100455358.txt
100500501,5F-A329,五层A区,100455358,07:30,22:00,100455358.txt
100500502,5F-A330,五层A区,100455358,07:30,22:00,100455358.txt
100500503,5F-A331,五层A区,100455358,07:30,22:00,100455358.txt
100500504,5F-A332,五层A区,100455358,07:30,22:00,100455358.txt
100500505,5F-A333,五层A区,100455358,07:30,22:00,100455358.txt
100500506,5F-A334,五层A区,100455358,07:30,22:00,100455358.txt
100500507,5F-A335,五层A区,100455358,07:30,22:00,100455358.txt
100500508,5F-A336,五层A区,100455358,07:30,22:00,100455358.txt
100500509,5F-A337,五层A区,100455358,07:30,22:00,100455358.txt
100500510,5F-A338,五层A区,100455358,07:30,22:00,100455358.txt
100500511,5F-A339,五层A区,100455358,07:30,22:00,100455358.txt
100500512,5F-A340,五层A区,100455358,07:30,22:00,100455358.txt
100500513,5F-A341,五层A区,100455358,07:30,22:00,100455358.txt
100500514,5F-A342,五层A区,100455358,07:30,22:00,100455358.txt
100500515,5F-A343,五层A区,100455358,07:30,22:00,100455358.txt
100500516,5F-A344,五层A区,100455358,07:30,22:00,100455358.txt
100500517,5F-A345,五层A区,100455358,07:30,22:00,100455358.txt
100500518,5F-A346,五层A区,100455358,07:30,22:00,100455358.txt
100500519,5F-A347,五层A区,100455358,07:30,22:00,100455358.txt
100500520,5F-A348,五层A区,100455358,07:30,22:00,100455358.txt
100500521,5F-A349,五层A区,100455358,07:30,22:00,100455358.txt
100500522,5F-A350,五层A区,100455358,07:30,22:00,100455358.txt
100500523,5F-A351,五层A区,100455358,07:30,22:00,100455358.txt
100500524,5F-A352,五层A区,100455358,07:30,22:00,100455358.txt
100500525,5F-A353,五层A区,100455358,07:30,22:00,100455358.txt
100500526,5F-A354,五层A区,100455358,07:30,22:00,100455358.txt
100500527,5F-A355,五层A区,100455358,07:30,22:00,100455358.txt
100500528,5F-A356,五层A区,100455358,07:30,22:00,100455358.txt
100500529,5F-A357,五层A区,100455358,07:30,22:00,100455358.txt
100500530,5F-A358,五层A区,100455358,07:30,22:00,100455358.txt
100500531,5F-A359,五层A区,100455358,07:30,22:00,100455358.txt
100500532,5F-A360,五层A区,100455358,07:30,22:00,100455358.txt
100500602,6F-A001,六层,100455360,07:30,22:00,100455360.txt
100500603,6F-A002,六层,100455360,07:30,22:00,100455360.txt
100500604,6F-A003,六层,100455360,07:30,22:00,100455360.txt
100500605,6F-A004,六层,100455360,07:30,22:00,100455360.txt
100500606,6F-A005,六层,100455360,07:30,22:00,100455360.txt
100500607,6F-A006,六层,100455360,07:30,22:00,100455360.txt
100500608,6F-A007,六层,100455360,07:30,22:00,100455360.txt
100500609,6F-A008,六层,100455360,07:30,22:00,100455360.txt
100500610,6F-A009,六层,100455360,07:30,22:00,100455360.txt
100500611,6F-A010,六层,100455360,07:30,22:00,100455360.txt
100500612,6F-A011,六层,100455360,07:30,22:00,100455360.txt
100500613,6F-A012,六层,100455360,07:30,22:00,100455360.txt
100500614,6F-A013,六层,100455360,07:30,22:00,100455360.txt
100500615,6F-A014,六层,100455360,07:30,22:00,100455360.txt
100500616,6F-A015,六层,100455360,07:30,22:00,100455360.txt
100500617,6F-A016,六层,100455360,07:30,22:00,100455360.txt
100500618,6F-A017,六层,100455360,07:30,22:00,100455360.txt
100500619,6F-A018,六层,100455360,07:30,22:00,100455360.txt
100500620,6F-A019,六层,100455360,07:30,22:00,100455360.txt
100500621,6F-A020,六层,100455360,07:30,22:00,100455360.txt
100500622,6F-A021,六层,100455360,07:30,22:00,100455360.txt
100500623,6F-A022,六层,100455360,07:30,22:00,100455360.txt
100500624,6F-A023,六层,100455360,07:30,22:00,100455360.txt
100500625,6F-A024,六层,100455360,07:30,22:00,100455360.txt
100500626,6F-A025,六层,100455360,07:30,22:00,100455360.txt
100500627,6F-A026,六层,100455360,07:30,22:00,100455360.txt
100500628,6F-A027,六层,100455360,07:30,22:00,100455360.txt
100500629,6F-A028,六层,100455360,07:30,22:00,100455360.txt
100500630,6F-A029,六层,100455360,07:30,22:00,100455360.txt
100500631,6F-A030,六层,100455360,07:30,22:00,100455360.txt
100500632,6F-A031,六层,100455360,07:30,22:00,100455360.txt
100500633,6F-A032,六层,100455360,07:30,22:00,100455360.txt
100500634,6F-A033,六层,100455360,07:30,22:00,100455360.txt
100500635,6F-A034,六层,100455360,07:30,22:00,100455360.txt
100500636,6F-A035,六层,100455360,07:30,22:00,100455360.txt
100500637,6F-A036,六层,100455360,07:30,22:00,100455360.txt
100500638,6F-A037,六层,100455360,07:30,22:00,100455360.txt
100500639,6F-A038,六层,100455360,07:30,22:00,100455360.txt
100500640,6F-A039,六层,100455360,07:30,22:00,100455360.txt
100500641,6F-A040,六层,100455360,07:30,22:00,100455360.txt
100500642,6F-A041,六层,100455360,07:30,22:00,100455360.txt
100500643,6F-A042,六层,100455360,07:30,22:00,100455360.txt
100500644,6F-A043,六层,100455360,07:30,22:00,100455360.txt
100500645,6F-A044,六层,100455360,07:30,22:00,100455360.txt
100500646,6F-A045,六层,100455360,07:30,22:00,100455360.txt
100500647,6F-A046,六层,100455360,07:30,22:00,100455360.txt
100500648,6F-A047,六层,100455360,07:30,22:00,100455360.txt
100500649,6F-A048,六层,100455360,07:30,22:00,100455360.txt
100500650,6F-A049,六层,100455360,07:30,22:00,100455360.txt
100500651,6F-A050,六层,100455360,07:30,22:00,100455360.txt
100500652,6F-A051,六层,100455360,07:30,22:00,100455360.txt
100500653,6F-A052,六层,100455360,07:30,22:00,100455360.txt
100500654,6F-A053,六层,100455360,07:30,22:00,100455360.txt
100500655,6F-A054,六层,100455360,07:30,22:00,100455360.txt
100500656,6F-A055,六层,100455360,07:30,22:00,100455360.txt
100500657,6F-A056,六层,100455360,07:30,22:00,100455360.txt
100500658,6F-A057,六层,100455360,07:30,22:00,100455360.txt
100500659,6F-A058,六层,100455360,07:30,22:00,100455360.txt
100500660,6F-A059,六层,100455360,07:30,22:00,100455360.txt
100500661,6F-A060,六层,100455360,07:30,22:00,100455360.txt
100500662,6F-A061,六层,100455360,07:30,22:00,100455360.txt
100500663,6F-A062,六层,100455360,07:30,22:00,100455360.txt
100500664,6F-A063,六层,100455360,07:30,22:00,100455360.txt
100500665,6F-A064,六层,100455360,07:30,22:00,100455360.txt
100500666,6F-A065,六层,100455360,07:30,22:00,100455360.txt
100500667,6F-A066,六层,100455360,07:30,22:00,100455360.txt
100500668,6F-A067,六层,100455360,07:30,22:00,100455360.txt
100500669,6F-A068,六层,100455360,07:30,22:00,100455360.txt
100500670,6F-A069,六层,100455360,07:30,22:00,100455360.txt
100500671,6F-A070,六层,100455360,07:30,22:00,100455360.txt
100500672,6F-A071,六层,100455360,07:30,22:00,100455360.txt
100500673,6F-A072,六层,100455360,07:30,22:00,100455360.txt
100500674,6F-A073,六层,100455360,07:30,22:00,100455360.txt
100500675,6F-A074,六层,100455360,07:30,22:00,100455360.txt
100500676,6F-A075,六层,100455360,07:30,22:00,100455360.txt
100500677,6F-A076,六层,100455360,07:30,22:00,100455360.txt
100500678,6F-A077,六层,100455360,07:30,22:00,100455360.txt
100500679,6F-A078,六层,100455360,07:30,22:00,100455360.txt
100500680,6F-A079,六层,100455360,07:30,22:00,100455360.txt
100500681,6F-A080,六层,100455360,07:30,22:00,100455360.txt
100500682,6F-A081,六层,100455360,07:30,22:00,100455360.txt
100500683,6F-A082,六层,100455360,07:30,22:00,100455360.txt
100500684,6F-A083,六层,100455360,07:30,22:00,100455360.txt
100500685,6F-A084,六层,100455360,07:30,22:00,100455360.txt
100500686,6F-A085,六层,100455360,07:30,22:00,100455360.txt
100500687,6F-A086,六层,100455360,07:30,22:00,100455360.txt
100500688,6F-A087,六层,100455360,07:30,22:00,100455360.txt
100500689,6F-A088,六层,100455360,07:30,22:00,100455360.txt
100500690,6F-A089,六层,100455360,07:30,22:00,100455360.txt
100500691,6F-A090,六层,100455360,07:30,22:00,100455360.txt
100500692,6F-A091,六层,100455360,07:30,22:00,100455360.txt
100500693,6F-A092,六层,100455360,07:30,22:00,100455360.txt
100500694,6F-A093,六层,100455360,07:30,22:00,100455360.txt
100500695,6F-A094,六层,100455360,07:30,22:00,100455360.txt
100500696,6F-A095,六层,100455360,07:30,22:00,100455360.txt
100500697,6F-A096,六层,100455360,07:30,22:00,100455360.txt
100500698,6F-A097,六层,100455360,07:30,22:00,100455360.txt
100500699,6F-A098,六层,100455360,07:30,22:00,100455360.txt
100500700,6F-A099,六层,100455360,07:30,22:00,100455360.txt
100500701,6F-A100,六层,100455360,07:30,22:00,100455360.txt
100500702,6F-A101,六层,100455360,07:30,22:00,100455360.txt
100500703,6F-A102,六层,100455360,07:30,22:00,100455360.txt
100500704,6F-A103,六层,100455360,07:30,22:00,100455360.txt
100500705,6F-A104,六层,100455360,07:30,22:00,100455360.txt
100500706,6F-A105,六层,100455360,07:30,22:00,100455360.txt
100500707,6F-A106,六层,100455360,07:30,22:00,100455360.txt
100500708,6F-A107,六层,100455360,07:30,22:00,100455360.txt
100500709,6F-A108,六层,100455360,07:30,22:00,100455360.txt
100500710,6F-A109,六层,100455360,07:30,22:00,100455360.txt
100500711,6F-A110,六层,100455360,07:30,22:00,100455360.txt
100500712,6F-A111,六层,100455360,07:30,22:00,100455360.txt
100500713,6F-A112,六层,100455360,07:30,22:00,100455360.txt
100500714,6F-A113,六层,100455360,07:30,22:00,100455360.txt
100500715,6F-A114,六层,100455360,07:30,22:00,100455360.txt
100500716,6F-A115,六层,100455360,07:30,22:00,100455360.txt
100500717,6F-A116,六层,100455360,07:30,22:00,100455360.txt
100500718,6F-A117,六层,100455360,07:30,22:00,100455360.txt
100500719,6F-A118,六层,100455360,07:30,22:00,100455360.txt
100500720,6F-A119,六层,100455360,07:30,22:00,100455360.txt
100500721,6F-A120,六层,100455360,07:30,22:00,100455360.txt
100500722,6F-A121,六层,100455360,07:30,22:00,100455360.txt
100500723,6F-A122,六层,100455360,07:30,22:00,100455360.txt
100500724,6F-A123,六层,100455360,07:30,22:00,100455360.txt
100500725,6F-A124,六层,100455360,07:30,22:00,100455360.txt
100500726,6F-A125,六层,100455360,07:30,22:00,100455360.txt
100500727,6F-A126,六层,100455360,07:30,22:00,100455360.txt
100500728,6F-A127,六层,100455360,07:30,22:00,100455360.txt
100500729,6F-A128,六层,100455360,07:30,22:00,100455360.txt
100500730,6F-A129,六层,100455360,07:30,22:00,100455360.txt
100500731,6F-A130,六层,100455360,07:30,22:00,100455360.txt
100500732,6F-A131,六层,100455360,07:30,22:00,100455360.txt
100500733,6F-A132,六层,100455360,07:30,22:00,100455360.txt
100500734,6F-A133,六层,100455360,07:30,22:00,100455360.txt
100500735,6F-A134,六层,100455360,07:30,22:00,100455360.txt
100500736,6F-A135,六层,100455360,07:30,22:00,100455360.txt
100500737,6F-A136,六层,100455360,07:30,22:00,100455360.txt
100500738,6F-A137,六层,100455360,07:30,22:00,100455360.txt
100500739,6F-A138,六层,100455360,07:30,22:00,100455360.txt
100500740,6F-A139,六层,100455360,07:30,22:00,100455360.txt
100500741,6F-A140,六层,100455360,07:30,22:00,100455360.txt
100500742,6F-A141,六层,100455360,07:30,22:00,100455360.txt
100500743,6F-A142,六层,100455360,07:30,22:00,100455360.txt
100500744,6F-A143,六层,100455360,07:30,22:00,100455360.txt
100500745,6F-A144,六层,100455360,07:30,22:00,100455360.txt
100500746,6F-A145,六层,100455360,07:30,22:00,100455360.txt
100500747,6F-A146,六层,100455360,07:30,22:00,100455360.txt
100500748,6F-A147,六层,100455360,07:30,22:00,100455360.txt
100500749,6F-A148,六层,100455360,07:30,22:00,100455360.txt
100500750,6F-A149,六层,100455360,07:30,22:00,100455360.txt
100500751,6F-A150,六层,100455360,07:30,22:00,100455360.txt
100500752,6F-A151,六层,100455360,07:30,22:00,100455360.txt
100500753,6F-A152,六层,100455360,07:30,22:00,100455360.txt
100500754,6F-A153,六层,100455360,07:30,22:00,100455360.txt
100500755,6F-A154,六层,100455360,07:30,22:00,100455360.txt
100500756,6F-A155,六层,100455360,07:30,22:00,100455360.txt
100500757,6F-A156,六层,100455360,07:30,22:00,100455360.txt
100500758,6F-A157,六层,100455360,07:30,22:00,100455360.txt
100500759,6F-A158,六层,100455360,07:30,22:00,100455360.txt
100500760,6F-A159,六层,100455360,07:30,22:00,100455360.txt
100500761,6F-A160,六层,100455360,07:30,22:00,100455360.txt
100500762,6F-A161,六层,100455360,07:30,22:00,100455360.txt
100500763,6F-A162,六层,100455360,07:30,22:00,100455360.txt
100500764,6F-A163,六层,100455360,07:30,22:00,100455360.txt
100500765,6F-A164,六层,100455360,07:30,22:00,100455360.txt
100500766,6F-A165,六层,100455360,07:30,22:00,100455360.txt
100500767,6F-A166,六层,100455360,07:30,22:00,100455360.txt
100500768,6F-A167,六层,100455360,07:30,22:00,100455360.txt
100500769,6F-A168,六层,100455360,07:30,22:00,100455360.txt
100500770,6F-A169,六层,100455360,07:30,22:00,100455360.txt
100500771,6F-A170,六层,100455360,07:30,22:00,100455360.txt
100500772,6F-A171,六层,100455360,07:30,22:00,100455360.txt
100500773,6F-A172,六层,100455360,07:30,22:00,100455360.txt
100500774,6F-A173,六层,100455360,07:30,22:00,100455360.txt
100500775,6F-A174,六层,100455360,07:30,22:00,100455360.txt
100500776,6F-A175,六层,100455360,07:30,22:00,100455360.txt
100500777,6F-A176,六层,100455360,07:30,22:00,100455360.txt
100500778,6F-A177,六层,100455360,07:30,22:00,100455360.txt
100500779,6F-A178,六层,100455360,07:30,22:00,100455360.txt
100500780,6F-A179,六层,100455360,07:30,22:00,100455360.txt
100500781,6F-A180,六层,100455360,07:30,22:00,100455360.txt
100500782,6F-A181,六层,100455360,07:30,22:00,100455360.txt
100500783,6F-A182,六层,100455360,07:30,22:00,100455360.txt
100500784,6F-A183,六层,100455360,07:30,22:00,100455360.txt
100500785,6F-A184,六层,100455360,07:30,22:00,100455360.txt
100500786,6F-A185,六层,100455360,07:30,22:00,100455360.txt
100500787,6F-A186,六层,100455360,07:30,22:00,100455360.txt
100500788,6F-A187,六层,100455360,07:30,22:00,100455360.txt
100500789,6F-A188,六层,100455360,07:30,22:00,100455360.txt
100500790,6F-A189,六层,100455360,07:30,22:00,100455360.txt
100500791,6F-A190,六层,100455360,07:30,22:00,100455360.txt
100500792,6F-A191,六层,100455360,07:30,22:00,100455360.txt
100500793,6F-A192,六层,100455360,07:30,22:00,100455360.txt
100500794,6F-A193,六层,100455360,07:30,22:00,100455360.txt
100500795,6F-A194,六层,100455360,07:30,22:00,100455360.txt
100500796,6F-A195,六层,100455360,07:30,22:00,100455360.txt
100500797,6F-A196,六层,100455360,07:30,22:00,100455360.txt
100500798,6F-A197,六层,100455360,07:30,22:00,100455360.txt
100500799,6F-A198,六层,100455360,07:30,22:00,100455360.txt
100500800,6F-A199,六层,100455360,07:30,22:00,100455360.txt
100500801,6F-A200,六层,100455360,07:30,22:00,100455360.txt
100500802,6F-A201,六层,100455360,07:30,22:00,100455360.txt
100500803,6F-A202,六层,100455360,07:30,22:00,100455360.txt
100500804,6F-A203,六层,100455360,07:30,22:00,100455360.txt
100500805,6F-A204,六层,100455360,07:30,22:00,100455360.txt
100500806,6F-A205,六层,100455360,07:30,22:00,100455360.txt
100500807,6F-A206,六层,100455360,07:30,22:00,100455360.txt
100500808,6F-A207,六层,100455360,07:30,22:00,100455360.txt
100500809,6F-A208,六层,100455360,07:30,22:00,100455360.txt
100500810,6F-A209,六层,100455360,07:30,22:00,100455360.txt
100500811,6F-A210,六层,100455360,07:30,22:00,100455360.txt
100500812,6F-A211,六层,100455360,07:30,22:00,100455360.txt
100500813,6F-A212,六层,100455360,07:30,22:00,100455360.txt
100500814,6F-A213,六层,100455360,07:30,22:00,100455360.txt
100500815,6F-A214,六层,100455360,07:30,22:00,100455360.txt
100500816,6F-A215,六层,100455360,07:30,22:00,100455360.txt
100500817,6F-A216,六层,100455360,07:30,22:00,100455360.txt
100500818,6F-A217,六层,100455360,07:30,22:00,100455360.txt
100500819,6F-A218,六层,100455360,07:30,22:00,100455360.txt
100500820,6F-A219,六层,100455360,07:30,22:00,100455360.txt
100500821,6F-A220,六层,100455360,07:30,22:00,100455360.txt
100500822,6F-A221,六层,100455360,07:30,22:00,100455360.txt
100500823,6F-A222,六层,100455360,07:30,22:00,100455360.txt
100500824,6F-A223,六层,100455360,07:30,22:00,100455360.txt
100500825,6F-A224,六层,100455360,07:30,22:00,100455360.txt
100500826,6F-A225,六层,100455360,07:30,22:00,100455360.txt
100500827,6F-A226,六层,100455360,07:30,22:00,100455360.txt
100500828,6F-A227,六层,100455360,07:30,22:00,100455360.txt
100500829,6F-A228,六层,100455360,07:30,22:00,100455360.txt
100500830,6F-A229,六层,100455360,07:30,22:00,100455360.txt
100500831,6F-A230,六层,100455360,07:30,22:00,100455360.txt
100500832,6F-A231,六层,100455360,07:30,22:00,100455360.txt
100500833,6F-A232,六层,100455360,07:30,22:00,100455360.txt
100500834,6F-A233,六层,100455360,07:30,22:00,100455360.txt
100500835,6F-A234,六层,100455360,07:30,22:00,100455360.txt
100500836,6F-A235,六层,100455360,07:30,22:00,100455360.txt
100500837,6F-A236,六层,100455360,07:30,22:00,100455360.txt
100500838,6F-A237,六层,100455360,07:30,22:00,100455360.txt
100500839,6F-A238,六层,100455360,07:30,22:00,100455360.txt
100500840,6F-A239,六层,100455360,07:30,22:00,100455360.txt
100500841,6F-A240,六层,100455360,07:30,22:00,100455360.txt
100500842,6F-A241,六层,100455360,07:30,22:00,100455360.txt
100500843,6F-A242,六层,100455360,07:30,22:00,100455360.txt
100500844,6F-A243,六层,100455360,07:30,22:00,100455360.txt
100500845,6F-A244,六层,100455360,07:30,22:00,100455360.txt
100500846,6F-A245,六层,100455360,07:30,22:00,100455360.txt
100500847,6F-A246,六层,100455360,07:30,22:00,100455360.txt
100500848,6F-A247,六层,100455360,07:30,22:00,100455360.txt
100500849,6F-A248,六层,100455360,07:30,22:00,100455360.txt
100500850,6F-A249,六层,100455360,07:30,22:00,100455360.txt
100500851,6F-A250,六层,100455360,07:30,22:00,100455360.txt
100500852,6F-A251,六层,100455360,07:30,22:00,100455360.txt
100500853,6F-A252,六层,100455360,07:30,22:00,100455360.txt
100500854,6F-A253,六层,100455360,07:30,22:00,100455360.txt
100500855,6F-A254,六层,100455360,07:30,22:00,100455360.txt
100500856,6F-A255,六层,100455360,07:30,22:00,100455360.txt
100500857,6F-A256,六层,100455360,07:30,22:00,100455360.txt
100500858,6F-A257,六层,100455360,07:30,22:00,100455360.txt
100500859,6F-A258,六层,100455360,07:30,22:00,100455360.txt
100500860,6F-A259,六层,100455360,07:30,22:00,100455360.txt
100500861,6F-A260,六层,100455360,07:30,22:00,100455360.txt
100500862,6F-A261,六层,100455360,07:30,22:00,100455360.txt
100500863,6F-A262,六层,100455360,07:30,22:00,100455360.txt
100500864,6F-A263,六层,100455360,07:30,22:00,100455360.txt
100500865,6F-A264,六层,100455360,07:30,22:00,100455360.txt
100500866,6F-A265,六层,100455360,07:30,22:00,100455360.txt
100500867,6F-A266,六层,100455360,07:30,22:00,100455360.txt
100500868,6F-A267,六层,100455360,07:30,22:00,100455360.txt
100500869,6F-A268,六层,100455360,07:30,22:00,100455360.txt
100500870,6F-A269,六层,100455360,07:30,22:00,100455360.txt
100500871,6F-A270,六层,100455360,07:30,22:00,100455360.txt
100500872,6F-A271,六层,100455360,07:30,22:00,100455360.txt
100500873,6F-A272,六层,100455360,07:30,22:00,100455360.txt
100500874,6F-A273,六层,100455360,07:30,22:00,100455360.txt
100500875,6F-A274,六层,100455360,07:30,22:00,100455360.txt
100500876,6F-A275,六层,100455360,07:30,22:00,100455360.txt
100500877,6F-A276,六层,100455360,07:30,22:00,100455360.txt
100500878,6F-A277,六层,100455360,07:30,22:00,100455360.txt
100500879,6F-A278,六层,100455360,07:30,22:00,100455360.txt
100500880,6F-A279,六层,100455360,07:30,22:00,100455360.txt
100500881,6F-A280,六层,100455360,07:30,22:00,100455360.txt
100500882,6F-A281,六层,100455360,07:30,22:00,100455360.txt
100500883,6F-A282,六层,100455360,07:30,22:00,100455360.txt
100500884,6F-A283,六层,100455360,07:30,22:00,100455360.txt
100500885,6F-A284,六层,100455360,07:30,22:00,100455360.txt
100500886,6F-A285,六层,100455360,07:30,22:00,100455360.txt
100500887,6F-A286,六层,100455360,07:30,22:00,100455360.txt
100500888,6F-A287,六层,100455360,07:30,22:00,100455360.txt
100500889,6F-A288,六层,100455360,07:30,22:00,100455360.txt
100500890,6F-A289,六层,100455360,07:30,22:00,100455360.txt
100500891,6F-A290,六层,100455360,07:30,22:00,100455360.txt
100500892,6F-A291,六层,100455360,07:30,22:00,100455360.txt
100500893,6F-A292,六层,100455360,07:30,22:00,100455360.txt
100500894,6F-A293,六层,100455360,07:30,22:00,100455360.txt
100500895,6F-A294,六层,100455360,07:30,22:00,100455360.txt
100500896,6F-A295,六层,100455360,07:30,22:00,100455360.txt
100500897,6F-A296,六层,100455360,07:30,22:00,100455360.txt
100500898,6F-A297,六层,100455360,07:30,22:00,100455360.txt
100500899,6F-A298,六层,100455360,07:30,22:00,100455360.txt
100500900,6F-A299,六层,100455360,07:30,22:00,100455360.txt
100500901,6F-A300,六层,100455360,07:30,22:00,100455360.txt
100500902,6F-A301,六层,100455360,07:30,22:00,100455360.txt
100500903,6F-A302,六层,100455360,07:30,22:00,100455360.txt
100500904,6F-A303,六层,100455360,07:30,22:00,100455360.txt
100500905,6F-A304,六层,100455360,07:30,22:00,100455360.txt
100500906,6F-A305,六层,100455360,07:30,22:00,100455360.txt
100500907,6F-A306,六层,100455360,07:30,22:00,100455360.txt
100500908,6F-A307,六层,100455360,07:30,22:00,100455360.txt
100500909,6F-A308,六层,100455360,07:30,22:00,100455360.txt
100500910,6F-A309,六层,100455360,07:30,22:00,100455360.txt
100500911,6F-A310,六层,100455360,07:30,22:00,100455360.txt
100500912,6F-A311,六层,100455360,07:30,22:00,100455360.txt
100500913,6F-A312,六层,100455360,07:30,22:00,100455360.txt
100500914,6F-A313,六层,100455360,07:30,22:00,100455360.txt
100500915,6F-A314,六层,100455360,07:30,22:00,100455360.txt
100500916,6F-A315,六层,100455360,07:30,22:00,100455360.txt
100500917,6F-A316,六层,100455360,07:30,22:00,100455360.txt
100500918,6F-A317,六层,100455360,07:30,22:00,100455360.txt
100500919,6F-A318,六层,100455360,07:30,22:00,100455360.txt
100500920,6F-A319,六层,100455360,07:30,22:00,100455360.txt
100500921,6F-A320,六层,100455360,07:30,22:00,100455360.txt
100500922,6F-A321,六层,100455360,07:30,22:00,100455360.txt
100500923,6F-A322,六层,100455360,07:30,22:00,100455360.txt
100500924,6F-A323,六层,100455360,07:30,22:00,100455360.txt
100500925,6F-A324,六层,100455360,07:30,22:00,100455360.txt
100500926,6F-A325,六层,100455360,07:30,22:00,100455360.txt
100500927,6F-A326,六层,100455360,07:30,22:00,100455360.txt
100500928,6F-A327,六层,100455360,07:30,22:00,100455360.txt
100500929,6F-A328,六层,100455360,07:30,22:00,100455360.txt
100500930,6F-A329,六层,100455360,07:30,22:00,100455360.txt
100500931,6F-A330,六层,100455360,07:30,22:00,100455360.txt
100500932,6F-A331,六层,100455360,07:30,22:00,100455360.txt
100500933,6F-A332,六层,100455360,07:30,22:00,100455360.txt
100500934,6F-A333,六层,100455360,07:30,22:00,100455360.txt
100500935,6F-A334,六层,100455360,07:30,22:00,100455360.txt
100500936,6F-A335,六层,100455360,07:30,22:00,100455360.txt
100500937,6F-A336,六层,100455360,07:30,22:00,100455360.txt
100500938,6F-A337,六层,100455360,07:30,22:00,100455360.txt
100500939,6F-A338,六层,100455360,07:30,22:00,100455360.txt
100500940,6F-A339,六层,100455360,07:30,22:00,100455360.txt
100500941,6F-A340,六层,100455360,07:30,22:00,100455360.txt
100500942,6F-A341,六层,100455360,07:30,22:00,100455360.txt
100500943,6F-A342,六层,100455360,07:30,22:00,100455360.txt
100500944,6F-A343,六层,100455360,07:30,22:00,100455360.txt
100500945,6F-A344,六层,100455360,07:30,22:00,100455360.txt
106744855,7F-A001,七层北侧,106658017,07:30,22:00,106658017.txt
106744856,7F-A002,七层北侧,106658017,07:30,22:00,106658017.txt
106744857,7F-A003,七层北侧,106658017,07:30,22:00,106658017.txt
106744858,7F-A004,七层北侧,106658017,07:30,22:00,106658017.txt
106744859,7F-A005,七层北侧,106658017,07:30,22:00,106658017.txt
106744860,7F-A006,七层北侧,106658017,07:30,22:00,106658017.txt
106744861,7F-A007,七层北侧,106658017,07:30,22:00,106658017.txt
106744862,7F-A008,七层北侧,106658017,07:30,22:00,106658017.txt
106744863,7F-A009,七层北侧,106658017,07:30,22:00,106658017.txt
106744864,7F-A010,七层北侧,106658017,07:30,22:00,106658017.txt
106744865,7F-A011,七层北侧,106658017,07:30,22:00,106658017.txt
106744866,7F-A012,七层北侧,106658017,07:30,22:00,106658017.txt
106744867,7F-A013,七层北侧,106658017,07:30,22:00,106658017.txt
106744868,7F-A014,七层北侧,106658017,07:30,22:00,106658017.txt
106744869,7F-A015,七层北侧,106658017,07:30,22:00,106658017.txt
106744871,7F-A016,七层北侧,106658017,07:30,22:00,106658017.txt
106744872,7F-A017,七层北侧,106658017,07:30,22:00,106658017.txt
106744873,7F-A018,七层北侧,106658017,07:30,22:00,106658017.txt
106744874,7F-A019,七层北侧,106658017,07:30,22:00,106658017.txt
106744875,7F-A020,七层北侧,106658017,07:30,22:00,106658017.txt
106744876,7F-A021,七层北侧,106658017,07:30,22:00,106658017.txt
106744877,7F-A022,七层北侧,106658017,07:30,22:00,106658017.txt
106744878,7F-A023,七层北侧,106658017,07:30,22:00,106658017.txt
106744879,7F-A024,七层北侧,106658017,07:30,22:00,106658017.txt
106744880,7F-A025,七层北侧,106658017,07:30,22:00,106658017.txt
106744881,7F-A026,七层北侧,106658017,07:30,22:00,106658017.txt
106744882,7F-A027,七层北侧,106658017,07:30,22:00,106658017.txt
106744883,7F-A028,七层北侧,106658017,07:30,22:00,106658017.txt
106744884,7F-A029,七层北侧,106658017,07:30,22:00,106658017.txt
106744885,7F-A030,七层北侧,106658017,07:30,22:00,106658017.txt
106744886,7F-A031,七层北侧,106658017,07:30,22:00,106658017.txt
106744887,7F-A032,七层北侧,106658017,07:30,22:00,106658017.txt
106744888,7F-A033,七层北侧,106658017,07:30,22:00,106658017.txt
106744889,7F-A034,七层北侧,106658017,07:30,22:00,106658017.txt
106744890,7F-A035,七层北侧,106658017,07:30,22:00,106658017.txt
106744891,7F-A036,七层北侧,106658017,07:30,22:00,106658017.txt
106744892,7F-A037,七层北侧,106658017,07:30,22:00,106658017.txt
106744893,7F-A038,七层北侧,106658017,07:30,22:00,106658017.txt
106744894,7F-A039,七层北侧,106658017,07:30,22:00,106658017.txt
106744895,7F-A040,七层北侧,106658017,07:30,22:00,106658017.txt
106744896,7F-A041,七层北侧,106658017,07:30,22:00,106658017.txt
106744897,7F-A042,七层北侧,106658017,07:30,22:00,106658017.txt
106744898,7F-A043,七层北侧,106658017,07:30,22:00,106658017.txt
106744899,7F-A044,七层北侧,106658017,07:30,22:00,106658017.txt
106744900,7F-A045,七层北侧,106658017,07:30,22:00,106658017.txt
106744901,7F-A046,七层北侧,106658017,07:30,22:00,106658017.txt
106744902,7F-A047,七层北侧,106658017,07:30,22:00,106658017.txt
106744903,7F-A048,七层北侧,106658017,07:30,22:00,106658017.txt
106744904,7F-A049,七层北侧,106658017,07:30,22:00,106658017.txt
106744905,7F-A050,七层北侧,106658017,07:30,22:00,106658017.txt
106744906,7F-A051,七层北侧,106658017,07:30,22:00,106658017.txt
106744907,7F-A052,七层北侧,106658017,07:30,22:00,106658017.txt
106744908,7F-A053,七层北侧,106658017,07:30,22:00,106658017.txt
106744909,7F-A054,七层北侧,106658017,07:30,22:00,106658017.txt
106744910,7F-A055,七层北侧,106658017,07:30,22:00,106658017.txt
106744911,7F-A056,七层北侧,106658017,07:30,22:00,106658017.txt
106744912,7F-A057,七层北侧,106658017,07:30,22:00,106658017.txt
106744913,7F-A058,七层北侧,106658017,07:30,22:00,106658017.txt
106744914,7F-A059,七层北侧,106658017,07:30,22:00,106658017.txt
106744915,7F-A060,七层北侧,106658017,07:30,22:00,106658017.txt
106744916,7F-A061,七层北侧,106658017,07:30,22:00,106658017.txt
106744917,7F-A062,七层北侧,106658017,07:30,22:00,106658017.txt
106744918,7F-A063,七层北侧,106658017,07:30,22:00,106658017.txt
106744919,7F-A064,七层北侧,106658017,07:30,22:00,106658017.txt
106744920,7F-A065,七层北侧,106658017,07:30,22:00,106658017.txt
106744921,7F-A066,七层北侧,106658017,07:30,22:00,106658017.txt
106744922,7F-A067,七层北侧,106658017,07:30,22:00,106658017.txt
106744923,7F-A068,七层北侧,106658017,07:30,22:00,106658017.txt
106744924,7F-A069,七层北侧,106658017,07:30,22:00,106658017.txt
106744925,7F-A070,七层北侧,106658017,07:30,22:00,106658017.txt
106744926,7F-A071,七层北侧,106658017,07:30,22:00,106658017.txt
106744929,7F-A072,七层北侧,106658017,07:30,22:00,106658017.txt
106744934,7F-A073,七层北侧,106658017,07:30,22:00,106658017.txt
106744936,7F-A074,七层北侧,106658017,07:30,22:00,106658017.txt
106744937,7F-A075,七层北侧,106658017,07:30,22:00,106658017.txt
106744938,7F-A076,七层北侧,106658017,07:30,22:00,106658017.txt
106744939,7F-A077,七层北侧,106658017,07:30,22:00,106658017.txt
106744940,7F-A078,七层北侧,106658017,07:30,22:00,106658017.txt
106744941,7F-A079,七层北侧,106658017,07:30,22:00,106658017.txt
106744942,7F-A080,七层北侧,106658017,07:30,22:00,106658017.txt
106744943,7F-A081,七层北侧,106658017,07:30,22:00,106658017.txt
106744944,7F-A082,七层北侧,106658017,07:30,22:00,106658017.txt
106744945,7F-A083,七层北侧,106658017,07:30,22:00,106658017.txt
106744946,7F-A084,七层北侧,106658017,07:30,22:00,106658017.txt
106744947,7F-A085,七层北侧,106658017,07:30,22:00,106658017.txt
106744948,7F-A086,七层北侧,106658017,07:30,22:00,106658017.txt
106744949,7F-A087,七层北侧,106658017,07:30,22:00,106658017.txt
106744950,7F-A088,七层北侧,106658017,07:30,22:00,106658017.txt
106744951,7F-A089,七层北侧,106658017,07:30,22:00,106658017.txt
106744952,7F-A090,七层北侧,106658017,07:30,22:00,106658017.txt
106744953,7F-A091,七层北侧,106658017,07:30,22:00,106658017.txt
106744954,7F-A092,七层北侧,106658017,07:30,22:00,106658017.txt
106744955,7F-A093,七层北侧,106658017,07:30,22:00,106658017.txt
106744958,7F-A094,七层北侧,106658017,07:30,22:00,106658017.txt
106744959,7F-A095,七层北侧,106658017,07:30,22:00,106658017.txt
106744960,7F-A096,七层北侧,106658017,07:30,22:00,106658017.txt
106744961,7F-A097,七层北侧,106658017,07:30,22:00,106658017.txt
106744962,7F-A098,七层北侧,106658017,07:30,22:00,106658017.txt
106744963,7F-A099,七层北侧,106658017,07:30,22:00,106658017.txt
106744964,7F-A100,七层北侧,106658017,07:30,22:00,106658017.txt
106744965,7F-A101,七层北侧,106658017,07:30,22:00,106658017.txt
106744966,7F-A102,七层北侧,106658017,07:30,22:00,106658017.txt
106744967,7F-A103,七层北侧,106658017,07:30,22:00,106658017.txt
106744968,7F-A104,七层北侧,106658017,07:30,22:00,106658017.txt
106744969,7F-A105,七层北侧,106658017,07:30,22:00,106658017.txt
106744970,7F-A106,七层北侧,106658017,07:30,22:00,106658017.txt
106744971,7F-A107,七层北侧,106658017,07:30,22:00,106658017.txt
106744972,7F-A108,七层北侧,106658017,07:30,22:00,106658017.txt
106744975,7F-A109,七层北侧,106658017,07:30,22:00,106658017.txt
106744981,7F-A110,七层北侧,106658017,07:30,22:00,106658017.txt
106744982,7F-A111,七层北侧,106658017,07:30,22:00,106658017.txt
106744983,7F-A112,七层北侧,106658017,07:30,22:00,106658017.txt
106744984,7F-A113,七层北侧,106658017,07:30,22:00,106658017.txt
106744985,7F-A114,七层北侧,106658017,07:30,22:00,106658017.txt
106744986,7F-A115,七层北侧,106658017,07:30,22:00,106658017.txt
106744987,7F-A116,七层北侧,106658017,07:30,22:00,106658017.txt
106744988,7F-A117,七层北侧,106658017,07:30,22:00,106658017.txt
106744989,7F-A118,七层北侧,106658017,07:30,22:00,106658017.txt
106744990,7F-A119,七层北侧,106658017,07:30,22:00,106658017.txt
106744991,7F-A120,七层北侧,106658017,07:30,22:00,106658017.txt
106744992,7F-A121,七层北侧,106658017,07:30,22:00,106658017.txt
106744993,7F-A122,七层北侧,106658017,07:30,22:00,106658017.txt
106744994,7F-A123,七层北侧,106658017,07:30,22:00,106658017.txt
106744995,7F-A124,七层北侧,106658017,07:30,22:00,106658017.txt
106744996,7F-A125,七层北侧,106658017,07:30,22:00,106658017.txt
106744997,7F-A126,七层北侧,106658017,07:30,22:00,106658017.txt
106744998,7F-A127,七层北侧,106658017,07:30,22:00,106658017.txt
106744999,7F-A128,七层北侧,106658017,07:30,22:00,106658017.txt
106745000,7F-A129,七层北侧,106658017,07:30,22:00,106658017.txt
106745001,7F-A130,七层北侧,106658017,07:30,22:00,106658017.txt
106745002,7F-A131,七层北侧,106658017,07:30,22:00,106658017.txt
106745003,7F-A132,七层北侧,106658017,07:30,22:00,106658017.txt
106745004,7F-A133,七层北侧,106658017,07:30,22:00,106658017.txt
106745005,7F-A134,七层北侧,106658017,07:30,22:00,106658017.txt
106745006,7F-A135,七层北侧,106658017,07:30,22:00,106658017.txt
106745007,7F-A136,七层北侧,106658017,07:30,22:00,106658017.txt
106745008,7F-A137,七层北侧,106658017,07:30,22:00,106658017.txt
106745009,7F-A138,七层北侧,106658017,07:30,22:00,106658017.txt
106745010,7F-A139,七层北侧,106658017,07:30,22:00,106658017.txt
106745011,7F-A140,七层北侧,106658017,07:30,22:00,106658017.txt
106745012,7F-A141,七层北侧,106658017,07:30,22:00,106658017.txt
106745013,7F-A142,七层北侧,106658017,07:30,22:00,106658017.txt
106745014,7F-A143,七层北侧,106658017,07:30,22:00,106658017.txt
106745015,7F-A144,七层北侧,106658017,07:30,22:00,106658017.txt
106745016,7F-A145,七层北侧,106658017,07:30,22:00,106658017.txt
106745017,7F-A146,七层北侧,106658017,07:30,22:00,106658017.txt
106745018,7F-A147,七层北侧,106658017,07:30,22:00,106658017.txt
106745019,7F-A148,七层北侧,106658017,07:30,22:00,106658017.txt
106745020,7F-A149,七层北侧,106658017,07:30,22:00,106658017.txt
106745021,7F-A150,七层北侧,106658017,07:30,22:00,106658017.txt
106745022,7F-A151,七层北侧,106658017,07:30,22:00,106658017.txt
106745023,7F-A152,七层北侧,106658017,07:30,22:00,106658017.txt
106745024,7F-A153,七层北侧,106658017,07:30,22:00,106658017.txt
106745025,7F-A154,七层北侧,106658017,07:30,22:00,106658017.txt
106745026,7F-A155,七层北侧,106658017,07:30,22:00,106658017.txt
106745027,7F-A156,七层北侧,106658017,07:30,22:00,106658017.txt
106745028,7F-A157,七层北侧,106658017,07:30,22:00,106658017.txt
106745029,7F-A158,七层北侧,106658017,07:30,22:00,106658017.txt
106745030,7F-A159,七层北侧,106658017,07:30,22:00,106658017.txt
106745031,7F-A160,七层北侧,106658017,07:30,22:00,106658017.txt
106745032,7F-A161,七层北侧,106658017,07:30,22:00,106658017.txt
106745033,7F-A162,七层北侧,106658017,07:30,22:00,106658017.txt
106745034,7F-A163,七层北侧,106658017,07:30,22:00,106658017.txt
106745035,7F-A164,七层北侧,106658017,07:30,22:00,106658017.txt
106745036,7F-A165,七层北侧,106658017,07:30,22:00,106658017.txt
106745037,7F-A166,七层北侧,106658017,07:30,22:00,106658017.txt
106745038,7F-A167,七层北侧,106658017,07:30,22:00,106658017.txt
106745039,7F-A168,七层北侧,106658017,07:30,22:00,106658017.txt
106745040,7F-A169,七层北侧,106658017,07:30,22:00,106658017.txt
106745041,7F-A170,七层北侧,106658017,07:30,22:00,106658017.txt
106745042,7F-A171,七层北侧,106658017,07:30,22:00,106658017.txt
106745043,7F-A172,七层北侧,106658017,07:30,22:00,106658017.txt
106745044,7F-A173,七层北侧,106658017,07:30,22:00,106658017.txt
106745045,7F-A174,七层北侧,106658017,07:30,22:00,106658017.txt
106745046,7F-A175,七层北侧,106658017,07:30,22:00,106658017.txt
106745047,7F-A176,七层北侧,106658017,07:30,22:00,106658017.txt
106745048,7F-A177,七层北侧,106658017,07:30,22:00,106658017.txt
106745049,7F-A178,七层北侧,106658017,07:30,22:00,106658017.txt
106745050,7F-A179,七层北侧,106658017,07:30,22:00,106658017.txt
106745051,7F-A180,七层北侧,106658017,07:30,22:00,106658017.txt
106745052,7F-A181,七层北侧,106658017,07:30,22:00,106658017.txt
106745053,7F-A182,七层北侧,106658017,07:30,22:00,106658017.txt
106745054,7F-A183,七层北侧,106658017,07:30,22:00,106658017.txt
106745055,7F-A184,七层北侧,106658017,07:30,22:00,106658017.txt
106745056,7F-A185,七层北侧,106658017,07:30,22:00,106658017.txt
106745057,7F-A186,七层北侧,106658017,07:30,22:00,106658017.txt
106745058,7F-A187,七层北侧,106658017,07:30,22:00,106658017.txt
106745059,7F-A188,七层北侧,106658017,07:30,22:00,106658017.txt
106745062,7F-A189,七层北侧,106658017,07:30,22:00,106658017.txt
106745067,7F-A190,七层北侧,106658017,07:30,22:00,106658017.txt
106745069,7F-A191,七层北侧,106658017,07:30,22:00,106658017.txt
106745070,7F-A192,七层北侧,106658017,07:30,22:00,106658017.txt
106745071,7F-A193,七层北侧,106658017,07:30,22:00,106658017.txt
106745072,7F-A194,七层北侧,106658017,07:30,22:00,106658017.txt
106745073,7F-A195,七层北侧,106658017,07:30,22:00,106658017.txt
106745074,7F-A196,七层北侧,106658017,07:30,22:00,106658017.txt
106745075,7F-A197,七层北侧,106658017,07:30,22:00,106658017.txt
106745076,7F-A198,七层北侧,106658017,07:30,22:00,106658017.txt
106745077,7F-A199,七层北侧,106658017,07:30,22:00,106658017.txt
106745078,7F-A200,七层北侧,106658017,07:30,22:00,106658017.txt
106745079,7F-A201,七层北侧,106658017,07:30,22:00,106658017.txt
106745080,7F-A202,七层北侧,106658017,07:30,22:00,106658017.txt
106745081,7F-A203,七层北侧,106658017,07:30,22:00,106658017.txt
106745082,7F-A204,七层北侧,106658017,07:30,22:00,106658017.txt
106745083,7F-A205,七层北侧,106658017,07:30,22:00,106658017.txt
106745084,7F-A206,七层北侧,106658017,07:30,22:00,106658017.txt
106745085,7F-A207,七层北侧,106658017,07:30,22:00,106658017.txt
106745086,7F-A208,七层北侧,106658017,07:30,22:00,106658017.txt
106745087,7F-A209,七层北侧,106658017,07:30,22:00,106658017.txt
106745088,7F-A210,七层北侧,106658017,07:30,22:00,106658017.txt
106745089,7F-A211,七层北侧,106658017,07:30,22:00,106658017.txt
106745090,7F-A212,七层北侧,106658017,07:30,22:00,106658017.txt
106745091,7F-A213,七层北侧,106658017,07:30,22:00,106658017.txt
106745092,7F-A214,七层北侧,106658017,07:30,22:00,106658017.txt
106745093,7F-A215,七层北侧,106658017,07:30,22:00,106658017.txt
106745094,7F-A216,七层北侧,106658017,07:30,22:00,106658017.txt
106745095,7F-A217,七层北侧,106658017,07:30,22:00,106658017.txt
106745096,7F-A218,七层北侧,106658017,07:30,22:00,106658017.txt
106745097,7F-A219,七层北侧,106658017,07:30,22:00,106658017.txt
106745098,7F-A220,七层北侧,106658017,07:30,22:00,106658017.txt
106745099,7F-A221,七层北侧,106658017,07:30,22:00,106658017.txt
106745100,7F-A222,七层北侧,106658017,07:30,22:00,106658017.txt
106745101,7F-A223,七层北侧,106658017,07:30,22:00,106658017.txt
106745104,7F-A224,七层北侧,106658017,07:30,22:00,106658017.txt
111488503,3FA-011,三楼夹层,111488386,07:30,22:00,111488386.txt
111488512,3FA-020,三楼夹层,111488386,07:30,22:00,111488386.txt
111488511,3FA-019,三楼夹层,111488386,07:30,22:00,111488386.txt
111488510,3FA-018,三楼夹层,111488386,07:30,22:00,111488386.txt
111488509,3FA-017,三楼夹层,111488386,07:30,22:00,111488386.txt
111488508,3FA-016,三楼夹层,111488386,07:30,22:00,111488386.txt
111488507,3FA-015,三楼夹层,111488386,07:30,22:00,111488386.txt
111488506,3FA-014,三楼夹层,111488386,07:30,22:00,111488386.txt
111488505,3FA-013,三楼夹层,111488386,07:30,22:00,111488386.txt
111488504,3FA-012,三楼夹层,111488386,07:30,22:00,111488386.txt
111488493,3FA-001,三楼夹层,111488386,07:30,22:00,111488386.txt
111488502,3FA-010,三楼夹层,111488386,07:30,22:00,111488386.txt
111488501,3FA-009,三楼夹层,111488386,07:30,22:00,111488386.txt
111488500,3FA-008,三楼夹层,111488386,07:30,22:00,111488386.txt
111488499,3FA-007,三楼夹层,111488386,07:30,22:00,111488386.txt
111488498,3FA-006,三楼夹层,111488386,07:30,22:00,111488386.txt
111488497,3FA-005,三楼夹层,111488386,07:30,22:00,111488386.txt
111488496,3FA-004,三楼夹层,111488386,07:30,22:00,111488386.txt
111488495,3FA-003,三楼夹层,111488386,07:30,22:00,111488386.txt
111488494,3FA-002,三楼夹层,111488386,07:30,22:00,111488386.txt
111488525,4FA-013,四楼夹层,111488388,07:30,22:00,111488388.txt
111488536,4FA-024,四楼夹层,111488388,07:30,22:00,111488388.txt
111488535,4FA-023,四楼夹层,111488388,07:30,22:00,111488388.txt
111488534,4FA-022,四楼夹层,111488388,07:30,22:00,111488388.txt
111488533,4FA-021,四楼夹层,111488388,07:30,22:00,111488388.txt
111488532,4FA-020,四楼夹层,111488388,07:30,22:00,111488388.txt
111488531,4FA-019,四楼夹层,111488388,07:30,22:00,111488388.txt
111488530,4FA-018,四楼夹层,111488388,07:30,22:00,111488388.txt
111488529,4FA-017,四楼夹层,111488388,07:30,22:00,111488388.txt
111488528,4FA-016,四楼夹层,111488388,07:30,22:00,111488388.txt
111488527,4FA-015,四楼夹层,111488388,07:30,22:00,111488388.txt
111488526,4FA-014,四楼夹层,111488388,07:30,22:00,111488388.txt
111488513,4FA-001,四楼夹层,111488388,07:30,22:00,111488388.txt
111488524,4FA-012,四楼夹层,111488388,07:30,22:00,111488388.txt
111488523,4FA-011,四楼夹层,111488388,07:30,22:00,111488388.txt
111488522,4FA-010,四楼夹层,111488388,07:30,22:00,111488388.txt
111488521,4FA-009,四楼夹层,111488388,07:30,22:00,111488388.txt
111488520,4FA-008,四楼夹层,111488388,07:30,22:00,111488388.txt
111488519,4FA-007,四楼夹层,111488388,07:30,22:00,111488388.txt
111488518,4FA-006,四楼夹层,111488388,07:30,22:00,111488388.txt
111488517,4FA-005,四楼夹层,111488388,07:30,22:00,111488388.txt
111488516,4FA-004,四楼夹层,111488388,07:30,22:00,111488388.txt
111488515,4FA-003,四楼夹层,111488388,07:30,22:00,111488388.txt
111488514,4FA-002,四楼夹层,111488388,07:30,22:00,111488388.txt
111488640,7F-B001,七层南侧,111488396,07:30,22:00,111488396.txt
111488641,7F-B002,七层南侧,111488396,07:30,22:00,111488396.txt
111488642,7F-B003,七层南侧,111488396,07:30,22:00,111488396.txt
111488643,7F-B004,七层南侧,111488396,07:30,22:00,111488396.txt
111488644,7F-B005,七层南侧,111488396,07:30,22:00,111488396.txt
111488645,7F-B006,七层南侧,111488396,07:30,22:00,111488396.txt
111488646,7F-B007,七层南侧,111488396,07:30,22:00,111488396.txt
111488647,7F-B008,七层南侧,111488396,07:30,22:00,111488396.txt
111488648,7F-B009,七层南侧,111488396,07:30,22:00,111488396.txt
111488649,7F-B010,七层南侧,111488396,07:30,22:00,111488396.txt
111488650,7F-B011,七层南侧,111488396,07:30,22:00,111488396.txt
111488651,7F-B012,七层南侧,111488396,07:30,22:00,111488396.txt
111488652,7F-B013,七层南侧,111488396,07:30,22:00,111488396.txt
111488653,7F-B014,七层南侧,111488396,07:30,22:00,111488396.txt
111488654,7F-B015,七层南侧,111488396,07:30,22:00,111488396.txt
111488655,7F-B016,七层南侧,111488396,07:30,22:00,111488396.txt
111488656,7F-B017,七层南侧,111488396,07:30,22:00,111488396.txt
111488657,7F-B018,七层南侧,111488396,07:30,22:00,111488396.txt
111488658,7F-B019,七层南侧,111488396,07:30,22:00,111488396.txt
111488659,7F-B020,七层南侧,111488396,07:30,22:00,111488396.txt
111488660,7F-B021,七层南侧,111488396,07:30,22:00,111488396.txt
111488661,7F-B022,七层南侧,111488396,07:30,22:00,111488396.txt
111488662,7F-B023,七层南侧,111488396,07:30,22:00,111488396.txt
111488663,7F-B024,七层南侧,111488396,07:30,22:00,111488396.txt
111488664,7F-B025,七层南侧,111488396,07:30,22:00,111488396.txt
111488665,7F-B026,七层南侧,111488396,07:30,22:00,111488396.txt
111488666,7F-B027,七层南侧,111488396,07:30,22:00,111488396.txt
111488667,7F-B028,七层南侧,111488396,07:30,22:00,111488396.txt
111488668,7F-B029,七层南侧,111488396,07:30,22:00,111488396.txt
111488669,7F-B030,七层南侧,111488396,07:30,22:00,111488396.txt
111488670,7F-B031,七层南侧,111488396,07:30,22:00,111488396.txt
111488671,7F-B032,七层南侧,111488396,07:30,22:00,111488396.txt
111488672,7F-B033,七层南侧,111488396,07:30,22:00,111488396.txt
111488673,7F-B034,七层南侧,111488396,07:30,22:00,111488396.txt
111488674,7F-B035,七层南侧,111488396,07:30,22:00,111488396.txt
111488675,7F-B036,七层南侧,111488396,07:30,22:00,111488396.txt
111488676,7F-B037,七层南侧,111488396,07:30,22:00,111488396.txt
111488677,7F-B038,七层南侧,111488396,07:30,22:00,111488396.txt
111488678,7F-B039,七层南侧,111488396,07:30,22:00,111488396.txt
111488679,7F-B040,七层南侧,111488396,07:30,22:00,111488396.txt
111488680,7F-B041,七层南侧,111488396,07:30,22:00,111488396.txt
111488681,7F-B042,七层南侧,111488396,07:30,22:00,111488396.txt
111488682,7F-B043,七层南侧,111488396,07:30,22:00,111488396.txt
111488683,7F-B044,七层南侧,111488396,07:30,22:00,111488396.txt
111488684,7F-B045,七层南侧,111488396,07:30,22:00,111488396.txt
111488685,7F-B046,七层南侧,111488396,07:30,22:00,111488396.txt
111488686,7F-B047,七层南侧,111488396,07:30,22:00,111488396.txt
111488687,7F-B048,七层南侧,111488396,07:30,22:00,111488396.txt
111488688,7F-B049,七层南侧,111488396,07:30,22:00,111488396.txt
111488689,7F-B050,七层南侧,111488396,07:30,22:00,111488396.txt
111488690,7F-B051,七层南侧,111488396,07:30,22:00,111488396.txt
111488691,7F-B052,七层南侧,111488396,07:30,22:00,111488396.txt
111488692,7F-B053,七层南侧,111488396,07:30,22:00,111488396.txt
111488693,7F-B054,七层南侧,111488396,07:30,22:00,111488396.txt
111488694,7F-B055,七层南侧,111488396,07:30,22:00,111488396.txt
111488695,7F-B056,七层南侧,111488396,07:30,22:00,111488396.txt
111488696,7F-B057,七层南侧,111488396,07:30,22:00,111488396.txt
111488697,7F-B058,七层南侧,111488396,07:30,22:00,111488396.txt
111488698,7F-B059,七层南侧,111488396,07:30,22:00,111488396.txt
111488699,7F-B060,七层南侧,111488396,07:30,22:00,111488396.txt
111488700,7F-B061,七层南侧,111488396,07:30,22:00,111488396.txt
111488701,7F-B062,七层南侧,111488396,07:30,22:00,111488396.txt
111488702,7F-B063,七层南侧,111488396,07:30,22:00,111488396.txt
111488703,7F-B064,七层南侧,111488396,07:30,22:00,111488396.txt
111488704,7F-B065,七层南侧,111488396,07:30,22:00,111488396.txt
111488705,7F-B066,七层南侧,111488396,07:30,22:00,111488396.txt
111488706,7F-B067,七层南侧,111488396,07:30,22:00,111488396.txt
111488707,7F-B068,七层南侧,111488396,07:30,22:00,111488396.txt
111488708,7F-B069,七层南侧,111488396,07:30,22:00,111488396.txt
111488709,7F-B070,七层南侧,111488396,07:30,22:00,111488396.txt
111488710,7F-B071,七层南侧,111488396,07:30,22:00,111488396.txt
111488711,7F-B072,七层南侧,111488396,07:30,22:00,111488396.txt
111488712,7F-B073,七层南侧,111488396,07:30,22:00,111488396.txt
111488713,7F-B074,七层南侧,111488396,07:30,22:00,111488396.txt
111488714,7F-B075,七层南侧,111488396,07:30,22:00,111488396.txt
111488715,7F-B076,七层南侧,111488396,07:30,22:00,111488396.txt
111488716,7F-B077,七层南侧,111488396,07:30,22:00,111488396.txt
111488717,7F-B078,七层南侧,111488396,07:30,22:00,111488396.txt
111488718,7F-B079,七层南侧,111488396,07:30,22:00,111488396.txt
111488719,7F-B080,七层南侧,111488396,07:30,22:00,111488396.txt
111488720,7F-B081,七层南侧,111488396,07:30,22:00,111488396.txt
111488721,7F-B082,七层南侧,111488396,07:30,22:00,111488396.txt
111488722,7F-B083,七层南侧,111488396,07:30,22:00,111488396.txt
111488723,7F-B084,七层南侧,111488396,07:30,22:00,111488396.txt
111488724,7F-B085,七层南侧,111488396,07:30,22:00,111488396.txt
111488725,7F-B086,七层南侧,111488396,07:30,22:00,111488396.txt
111488726,7F-B087,七层南侧,111488396,07:30,22:00,111488396.txt
111488727,7F-B088,七层南侧,111488396,07:30,22:00,111488396.txt
111488728,7F-B089,七层南侧,111488396,07:30,22:00,111488396.txt
111488729,7F-B090,七层南侧,111488396,07:30,22:00,111488396.txt
111488730,7F-B091,七层南侧,111488396,07:30,22:00,111488396.txt
111488731,7F-B092,七层南侧,111488396,07:30,22:00,111488396.txt
111488732,7F-B093,七层南侧,111488396,07:30,22:00,111488396.txt
111488733,7F-B094,七层南侧,111488396,07:30,22:00,111488396.txt
111488734,7F-B095,七层南侧,111488396,07:30,22:00,111488396.txt
111488735,7F-B096,七层南侧,111488396,07:30,22:00,111488396.txt
111488736,7F-B097,七层南侧,111488396,07:30,22:00,111488396.txt
111488737,7F-B098,七层南侧,111488396,07:30,22:00,111488396.txt
111488738,7F-B099,七层南侧,111488396,07:30,22:00,111488396.txt
111488739,7F-B100,七层南侧,111488396,07:30,22:00,111488396.txt
111488740,7F-B101,七层南侧,111488396,07:30,22:00,111488396.txt
111488741,7F-B102,七层南侧,111488396,07:30,22:00,111488396.txt
111488742,7F-B103,七层南侧,111488396,07:30,22:00,111488396.txt
111488743,7F-B104,七层南侧,111488396,07:30,22:00,111488396.txt
111488744,7F-B105,七层南侧,111488396,07:30,22:00,111488396.txt
111488745,7F-B106,七层南侧,111488396,07:30,22:00,111488396.txt
111488746,7F-B107,七层南侧,111488396,07:30,22:00,111488396.txt
111488747,7F-B108,七层南侧,111488396,07:30,22:00,111488396.txt
111488748,7F-B109,七层南侧,111488396,07:30,22:00,111488396.txt
111488749,7F-B110,七层南侧,111488396,07:30,22:00,111488396.txt
111488750,7F-B111,七层南侧,111488396,07:30,22:00,111488396.txt
111488751,7F-B112,七层南侧,111488396,07:30,22:00,111488396.txt
111488752,7F-B113,七层南侧,111488396,07:30,22:00,111488396.txt
111488753,7F-B114,七层南侧,111488396,07:30,22:00,111488396.txt
